{"sourceFile": [{
      "name": "",
      "directive": [{
          "functionName": "fir",
          "label": "",
          "functionLabel": "",
          "pragma": {
            "name": "ARRAY_PARTITION",
            "option": [
              {
                "name": "variable",
                "value": "data_in",
                "positionalBoolean": "4"
              },
              {
                "name": "complete",
                "value": "",
                "positionalBoolean": "type"
              },
              {
                "name": "dim",
                "value": "1"
              }
            ]
          }
        }]
    }]}
