<stg><name>fir</name>


<trans_list>

<trans id="137" from="1" to="2">
<condition id="-1">
<or_exp><and_exp></and_exp></or_exp>
</condition>
</trans>

<trans id="138" from="2" to="21">
<condition id="-1">
<or_exp><and_exp><literal name="tmp" val="1"/>
</and_exp></or_exp>
</condition>
</trans>

<trans id="139" from="2" to="3">
<condition id="-1">
<or_exp><and_exp><literal name="tmp" val="0"/>
</and_exp></or_exp>
</condition>
</trans>

<trans id="149" from="3" to="4">
<condition id="-1">
<or_exp><and_exp></and_exp></or_exp>
</condition>
</trans>

<trans id="150" from="4" to="5">
<condition id="-1">
<or_exp><and_exp></and_exp></or_exp>
</condition>
</trans>

<trans id="151" from="5" to="6">
<condition id="-1">
<or_exp><and_exp></and_exp></or_exp>
</condition>
</trans>

<trans id="152" from="6" to="7">
<condition id="-1">
<or_exp><and_exp></and_exp></or_exp>
</condition>
</trans>

<trans id="153" from="7" to="8">
<condition id="-1">
<or_exp><and_exp></and_exp></or_exp>
</condition>
</trans>

<trans id="154" from="8" to="9">
<condition id="-1">
<or_exp><and_exp></and_exp></or_exp>
</condition>
</trans>

<trans id="155" from="9" to="10">
<condition id="-1">
<or_exp><and_exp></and_exp></or_exp>
</condition>
</trans>

<trans id="156" from="10" to="11">
<condition id="-1">
<or_exp><and_exp></and_exp></or_exp>
</condition>
</trans>

<trans id="157" from="11" to="12">
<condition id="-1">
<or_exp><and_exp></and_exp></or_exp>
</condition>
</trans>

<trans id="158" from="12" to="13">
<condition id="-1">
<or_exp><and_exp></and_exp></or_exp>
</condition>
</trans>

<trans id="159" from="13" to="14">
<condition id="-1">
<or_exp><and_exp></and_exp></or_exp>
</condition>
</trans>

<trans id="160" from="14" to="15">
<condition id="-1">
<or_exp><and_exp></and_exp></or_exp>
</condition>
</trans>

<trans id="161" from="15" to="16">
<condition id="-1">
<or_exp><and_exp></and_exp></or_exp>
</condition>
</trans>

<trans id="162" from="16" to="17">
<condition id="-1">
<or_exp><and_exp></and_exp></or_exp>
</condition>
</trans>

<trans id="163" from="17" to="18">
<condition id="-1">
<or_exp><and_exp></and_exp></or_exp>
</condition>
</trans>

<trans id="164" from="18" to="19">
<condition id="-1">
<or_exp><and_exp></and_exp></or_exp>
</condition>
</trans>

<trans id="165" from="19" to="20">
<condition id="-1">
<or_exp><and_exp></and_exp></or_exp>
</condition>
</trans>

<trans id="166" from="20" to="2">
<condition id="-1">
<or_exp><and_exp></and_exp></or_exp>
</condition>
</trans>

<trans id="168" from="21" to="22">
<condition id="-1">
<or_exp><and_exp></and_exp></or_exp>
</condition>
</trans>

<trans id="169" from="22" to="23">
<condition id="-1">
<or_exp><and_exp></and_exp></or_exp>
</condition>
</trans>

<trans id="170" from="23" to="24">
<condition id="-1">
<or_exp><and_exp></and_exp></or_exp>
</condition>
</trans>

<trans id="171" from="24" to="25">
<condition id="-1">
<or_exp><and_exp></and_exp></or_exp>
</condition>
</trans>

<trans id="172" from="25" to="26">
<condition id="-1">
<or_exp><and_exp></and_exp></or_exp>
</condition>
</trans>

<trans id="173" from="26" to="27">
<condition id="-1">
<or_exp><and_exp></and_exp></or_exp>
</condition>
</trans>

<trans id="174" from="27" to="28">
<condition id="-1">
<or_exp><and_exp></and_exp></or_exp>
</condition>
</trans>

<trans id="175" from="28" to="29">
<condition id="-1">
<or_exp><and_exp></and_exp></or_exp>
</condition>
</trans>

<trans id="176" from="29" to="30">
<condition id="-1">
<or_exp><and_exp></and_exp></or_exp>
</condition>
</trans>

<trans id="177" from="30" to="31">
<condition id="-1">
<or_exp><and_exp></and_exp></or_exp>
</condition>
</trans>

<trans id="178" from="31" to="32">
<condition id="-1">
<or_exp><and_exp></and_exp></or_exp>
</condition>
</trans>

<trans id="179" from="32" to="33">
<condition id="-1">
<or_exp><and_exp></and_exp></or_exp>
</condition>
</trans>

<trans id="180" from="33" to="34">
<condition id="-1">
<or_exp><and_exp></and_exp></or_exp>
</condition>
</trans>

<trans id="181" from="34" to="35">
<condition id="-1">
<or_exp><and_exp></and_exp></or_exp>
</condition>
</trans>

<trans id="182" from="35" to="36">
<condition id="-1">
<or_exp><and_exp></and_exp></or_exp>
</condition>
</trans>

<trans id="183" from="36" to="37">
<condition id="-1">
<or_exp><and_exp></and_exp></or_exp>
</condition>
</trans>

<trans id="184" from="37" to="38">
<condition id="-1">
<or_exp><and_exp></and_exp></or_exp>
</condition>
</trans>
</trans_list>



<state_list>

<state id="1" st_id="1">

<operation id="39" st_id="1" stage="1" lat="1">
<core>NULL</core>
<MemPortIdVec></MemPortIdVec>
<condition id="-1">
<or_exp><and_exp></and_exp></or_exp>
</condition>

<Node id="13" bw="0" op_0_bw="0" op_1_bw="64">
<![CDATA[
:0  call void (...)* @_ssdm_op_SpecBitsMap(double %probe_in) nounwind, !map !7

]]></Node>
<StgValue><ssdm name=""/></StgValue>
</operation>

<operation id="40" st_id="1" stage="1" lat="1">
<core>NULL</core>
<MemPortIdVec></MemPortIdVec>
<condition id="-1">
<or_exp><and_exp></and_exp></or_exp>
</condition>

<Node id="14" bw="0" op_0_bw="0" op_1_bw="64">
<![CDATA[
:1  call void (...)* @_ssdm_op_SpecBitsMap(double* %out_r) nounwind, !map !13

]]></Node>
<StgValue><ssdm name=""/></StgValue>
</operation>

<operation id="41" st_id="1" stage="1" lat="1">
<core>NULL</core>
<MemPortIdVec></MemPortIdVec>
<condition id="-1">
<or_exp><and_exp></and_exp></or_exp>
</condition>

<Node id="15" bw="0" op_0_bw="0" op_1_bw="32">
<![CDATA[
:2  call void (...)* @_ssdm_op_SpecBitsMap([10 x i32]* %coeff) nounwind, !map !19

]]></Node>
<StgValue><ssdm name=""/></StgValue>
</operation>

<operation id="42" st_id="1" stage="1" lat="1">
<core>NULL</core>
<MemPortIdVec></MemPortIdVec>
<condition id="-1">
<or_exp><and_exp></and_exp></or_exp>
</condition>

<Node id="16" bw="64" op_0_bw="64" op_1_bw="64">
<![CDATA[
:3  %probe_in_read = call double @_ssdm_op_Read.ap_vld.double(double %probe_in) nounwind

]]></Node>
<StgValue><ssdm name="probe_in_read"/></StgValue>
</operation>

<operation id="43" st_id="1" stage="1" lat="1">
<core>NULL</core>
<MemPortIdVec></MemPortIdVec>
<condition id="-1">
<or_exp><and_exp></and_exp></or_exp>
</condition>

<Node id="17" bw="4" op_0_bw="32" op_1_bw="64" op_2_bw="64">
<![CDATA[
:4  %coeff_addr = getelementptr [10 x i32]* %coeff, i64 0, i64 0

]]></Node>
<StgValue><ssdm name="coeff_addr"/></StgValue>
</operation>

<operation id="44" st_id="1" stage="1" lat="1">
<core>NULL</core>
<MemPortIdVec></MemPortIdVec>
<condition id="-1">
<or_exp><and_exp></and_exp></or_exp>
</condition>

<Node id="18" bw="0" op_0_bw="0" op_1_bw="0">
<![CDATA[
:5  call void (...)* @_ssdm_op_SpecTopModule([4 x i8]* @fir_str) nounwind

]]></Node>
<StgValue><ssdm name=""/></StgValue>
</operation>

<operation id="45" st_id="1" stage="1" lat="1">
<core>NULL</core>
<MemPortIdVec></MemPortIdVec>
<condition id="-1">
<or_exp><and_exp></and_exp></or_exp>
</condition>

<Node id="19" bw="0" op_0_bw="0" op_1_bw="32" op_2_bw="0" op_3_bw="0" op_4_bw="0" op_5_bw="32" op_6_bw="0" op_7_bw="0" op_8_bw="0" op_9_bw="0" op_10_bw="0">
<![CDATA[
:6  call void (...)* @_ssdm_op_SpecMemCore([10 x i32]* %coeff, [1 x i8]* @p_str, [12 x i8]* @p_str1, [1 x i8]* @p_str, i32 -1, [1 x i8]* @p_str, [1 x i8]* @p_str, [1 x i8]* @p_str, [1 x i8]* @p_str, [1 x i8]* @p_str) nounwind

]]></Node>
<StgValue><ssdm name=""/></StgValue>
</operation>

<operation id="46" st_id="1" stage="1" lat="1">
<core>NULL</core>
<MemPortIdVec></MemPortIdVec>
<condition id="-1">
<or_exp><and_exp></and_exp></or_exp>
</condition>

<Node id="20" bw="0" op_0_bw="0" op_1_bw="64" op_2_bw="0" op_3_bw="32" op_4_bw="32" op_5_bw="0" op_6_bw="32" op_7_bw="32" op_8_bw="0" op_9_bw="0" op_10_bw="0" op_11_bw="32" op_12_bw="32" op_13_bw="32" op_14_bw="32" op_15_bw="0" op_16_bw="0">
<![CDATA[
:7  call void (...)* @_ssdm_op_SpecInterface(double* %out_r, [7 x i8]* @p_str2, i32 0, i32 0, [1 x i8]* @p_str, i32 0, i32 0, [1 x i8]* @p_str, [1 x i8]* @p_str, [1 x i8]* @p_str, i32 0, i32 0, i32 0, i32 0, [1 x i8]* @p_str, [1 x i8]* @p_str) nounwind

]]></Node>
<StgValue><ssdm name=""/></StgValue>
</operation>

<operation id="47" st_id="1" stage="1" lat="1">
<core>NULL</core>
<MemPortIdVec></MemPortIdVec>
<condition id="-1">
<or_exp><and_exp></and_exp></or_exp>
</condition>

<Node id="21" bw="0" op_0_bw="0" op_1_bw="64" op_2_bw="0" op_3_bw="32" op_4_bw="32" op_5_bw="0" op_6_bw="32" op_7_bw="32" op_8_bw="0" op_9_bw="0" op_10_bw="0" op_11_bw="32" op_12_bw="32" op_13_bw="32" op_14_bw="32" op_15_bw="0" op_16_bw="0">
<![CDATA[
:8  call void (...)* @_ssdm_op_SpecInterface(double %probe_in, [7 x i8]* @p_str2, i32 0, i32 0, [1 x i8]* @p_str, i32 0, i32 0, [1 x i8]* @p_str, [1 x i8]* @p_str, [1 x i8]* @p_str, i32 0, i32 0, i32 0, i32 0, [1 x i8]* @p_str, [1 x i8]* @p_str) nounwind

]]></Node>
<StgValue><ssdm name=""/></StgValue>
</operation>

<operation id="48" st_id="1" stage="1" lat="1">
<core>NULL</core>
<MemPortIdVec></MemPortIdVec>
<condition id="-1">
<or_exp><and_exp></and_exp></or_exp>
</condition>

<Node id="22" bw="0" op_0_bw="0">
<![CDATA[
:9  br label %1

]]></Node>
<StgValue><ssdm name=""/></StgValue>
</operation>
</state>

<state id="2" st_id="2">

<operation id="49" st_id="2" stage="1" lat="1">
<core>NULL</core>
<MemPortIdVec></MemPortIdVec>
<condition id="-1">
<or_exp><and_exp></and_exp></or_exp>
</condition>

<Node id="24" bw="64" op_0_bw="64" op_1_bw="0">
<![CDATA[
:0  %acc = phi double [ 0.000000e+00, %0 ], [ %acc_1, %branch9 ]

]]></Node>
<StgValue><ssdm name="acc"/></StgValue>
</operation>

<operation id="50" st_id="2" stage="1" lat="1">
<core>NULL</core>
<MemPortIdVec></MemPortIdVec>
<condition id="-1">
<or_exp><and_exp></and_exp></or_exp>
</condition>

<Node id="25" bw="4" op_0_bw="4" op_1_bw="0">
<![CDATA[
:1  %i = phi i4 [ -7, %0 ], [ %i_1, %branch9 ]

]]></Node>
<StgValue><ssdm name="i"/></StgValue>
</operation>

<operation id="51" st_id="2" stage="1" lat="1">
<core>Cmp</core>
<MemPortIdVec></MemPortIdVec>
<condition id="-1">
<or_exp><and_exp></and_exp></or_exp>
</condition>

<Node id="26" bw="1" op_0_bw="4" op_1_bw="4">
<![CDATA[
:2  %tmp = icmp eq i4 %i, 0

]]></Node>
<StgValue><ssdm name="tmp"/></StgValue>
</operation>

<operation id="52" st_id="2" stage="1" lat="1">
<core>NULL</core>
<MemPortIdVec></MemPortIdVec>
<condition id="-1">
<or_exp><and_exp></and_exp></or_exp>
</condition>

<Node id="27" bw="32" op_0_bw="32" op_1_bw="64" op_2_bw="64" op_3_bw="64">
<![CDATA[
:3  %empty = call i32 (...)* @_ssdm_op_SpecLoopTripCount(i64 9, i64 9, i64 9) nounwind

]]></Node>
<StgValue><ssdm name="empty"/></StgValue>
</operation>

<operation id="53" st_id="2" stage="1" lat="1">
<core>NULL</core>
<MemPortIdVec></MemPortIdVec>
<condition id="-1">
<or_exp><and_exp></and_exp></or_exp>
</condition>

<Node id="28" bw="0" op_0_bw="1" op_1_bw="0" op_2_bw="0">
<![CDATA[
:4  br i1 %tmp, label %4, label %2

]]></Node>
<StgValue><ssdm name=""/></StgValue>
</operation>

<operation id="54" st_id="2" stage="1" lat="1">
<core>NULL</core>
<MemPortIdVec></MemPortIdVec>
<condition id="-1">
<or_exp><and_exp><literal name="tmp" val="0"/>
</and_exp></or_exp>
</condition>

<Node id="30" bw="0" op_0_bw="0" op_1_bw="0">
<![CDATA[
:0  call void (...)* @_ssdm_op_SpecLoopName([12 x i8]* @p_str4) nounwind

]]></Node>
<StgValue><ssdm name=""/></StgValue>
</operation>

<operation id="55" st_id="2" stage="1" lat="1">
<core>AddSub</core>
<MemPortIdVec></MemPortIdVec>
<condition id="-1">
<or_exp><and_exp><literal name="tmp" val="0"/>
</and_exp></or_exp>
</condition>

<Node id="31" bw="4" op_0_bw="4" op_1_bw="4">
<![CDATA[
:1  %i_1 = add i4 %i, -1

]]></Node>
<StgValue><ssdm name="i_1"/></StgValue>
</operation>

<operation id="56" st_id="2" stage="1" lat="1">
<core>NULL</core>
<MemPortIdVec></MemPortIdVec>
<condition id="-1">
<or_exp><and_exp><literal name="tmp" val="0"/>
</and_exp></or_exp>
</condition>

<Node id="32" bw="0" op_0_bw="4" op_1_bw="0" op_2_bw="4" op_3_bw="0" op_4_bw="4" op_5_bw="0" op_6_bw="4" op_7_bw="0" op_8_bw="4" op_9_bw="0" op_10_bw="4" op_11_bw="0" op_12_bw="4" op_13_bw="0" op_14_bw="4" op_15_bw="0" op_16_bw="4" op_17_bw="0">
<![CDATA[
:2  switch i4 %i, label %branch18 [
    i4 1, label %branch10
    i4 2, label %branch11
    i4 3, label %branch12
    i4 4, label %branch13
    i4 5, label %branch14
    i4 6, label %branch15
    i4 7, label %branch16
    i4 -8, label %branch17
  ]

]]></Node>
<StgValue><ssdm name=""/></StgValue>
</operation>

<operation id="57" st_id="2" stage="1" lat="1">
<core>NULL</core>
<MemPortIdVec></MemPortIdVec>
<condition id="-1">
<or_exp><and_exp><literal name="tmp" val="0"/>
<literal name="i" val="8"/>
</and_exp></or_exp>
</condition>

<Node id="34" bw="64" op_0_bw="64">
<![CDATA[
branch17:0  %data_in_7_load = load double* @data_in_7, align 8

]]></Node>
<StgValue><ssdm name="data_in_7_load"/></StgValue>
</operation>

<operation id="58" st_id="2" stage="1" lat="1">
<core>NULL</core>
<MemPortIdVec></MemPortIdVec>
<condition id="-1">
<or_exp><and_exp><literal name="tmp" val="0"/>
<literal name="i" val="8"/>
</and_exp></or_exp>
</condition>

<Node id="35" bw="0" op_0_bw="0">
<![CDATA[
branch17:1  br label %3

]]></Node>
<StgValue><ssdm name=""/></StgValue>
</operation>

<operation id="59" st_id="2" stage="1" lat="1">
<core>NULL</core>
<MemPortIdVec></MemPortIdVec>
<condition id="-1">
<or_exp><and_exp><literal name="tmp" val="0"/>
<literal name="i" val="7"/>
</and_exp></or_exp>
</condition>

<Node id="37" bw="64" op_0_bw="64">
<![CDATA[
branch16:0  %data_in_6_load = load double* @data_in_6, align 8

]]></Node>
<StgValue><ssdm name="data_in_6_load"/></StgValue>
</operation>

<operation id="60" st_id="2" stage="1" lat="1">
<core>NULL</core>
<MemPortIdVec></MemPortIdVec>
<condition id="-1">
<or_exp><and_exp><literal name="tmp" val="0"/>
<literal name="i" val="7"/>
</and_exp></or_exp>
</condition>

<Node id="38" bw="0" op_0_bw="0">
<![CDATA[
branch16:1  br label %3

]]></Node>
<StgValue><ssdm name=""/></StgValue>
</operation>

<operation id="61" st_id="2" stage="1" lat="1">
<core>NULL</core>
<MemPortIdVec></MemPortIdVec>
<condition id="-1">
<or_exp><and_exp><literal name="tmp" val="0"/>
<literal name="i" val="6"/>
</and_exp></or_exp>
</condition>

<Node id="40" bw="64" op_0_bw="64">
<![CDATA[
branch15:0  %data_in_5_load = load double* @data_in_5, align 8

]]></Node>
<StgValue><ssdm name="data_in_5_load"/></StgValue>
</operation>

<operation id="62" st_id="2" stage="1" lat="1">
<core>NULL</core>
<MemPortIdVec></MemPortIdVec>
<condition id="-1">
<or_exp><and_exp><literal name="tmp" val="0"/>
<literal name="i" val="6"/>
</and_exp></or_exp>
</condition>

<Node id="41" bw="0" op_0_bw="0">
<![CDATA[
branch15:1  br label %3

]]></Node>
<StgValue><ssdm name=""/></StgValue>
</operation>

<operation id="63" st_id="2" stage="1" lat="1">
<core>NULL</core>
<MemPortIdVec></MemPortIdVec>
<condition id="-1">
<or_exp><and_exp><literal name="tmp" val="0"/>
<literal name="i" val="5"/>
</and_exp></or_exp>
</condition>

<Node id="43" bw="64" op_0_bw="64">
<![CDATA[
branch14:0  %data_in_4_load = load double* @data_in_4, align 8

]]></Node>
<StgValue><ssdm name="data_in_4_load"/></StgValue>
</operation>

<operation id="64" st_id="2" stage="1" lat="1">
<core>NULL</core>
<MemPortIdVec></MemPortIdVec>
<condition id="-1">
<or_exp><and_exp><literal name="tmp" val="0"/>
<literal name="i" val="5"/>
</and_exp></or_exp>
</condition>

<Node id="44" bw="0" op_0_bw="0">
<![CDATA[
branch14:1  br label %3

]]></Node>
<StgValue><ssdm name=""/></StgValue>
</operation>

<operation id="65" st_id="2" stage="1" lat="1">
<core>NULL</core>
<MemPortIdVec></MemPortIdVec>
<condition id="-1">
<or_exp><and_exp><literal name="tmp" val="0"/>
<literal name="i" val="4"/>
</and_exp></or_exp>
</condition>

<Node id="46" bw="64" op_0_bw="64">
<![CDATA[
branch13:0  %data_in_3_load = load double* @data_in_3, align 8

]]></Node>
<StgValue><ssdm name="data_in_3_load"/></StgValue>
</operation>

<operation id="66" st_id="2" stage="1" lat="1">
<core>NULL</core>
<MemPortIdVec></MemPortIdVec>
<condition id="-1">
<or_exp><and_exp><literal name="tmp" val="0"/>
<literal name="i" val="4"/>
</and_exp></or_exp>
</condition>

<Node id="47" bw="0" op_0_bw="0">
<![CDATA[
branch13:1  br label %3

]]></Node>
<StgValue><ssdm name=""/></StgValue>
</operation>

<operation id="67" st_id="2" stage="1" lat="1">
<core>NULL</core>
<MemPortIdVec></MemPortIdVec>
<condition id="-1">
<or_exp><and_exp><literal name="tmp" val="0"/>
<literal name="i" val="3"/>
</and_exp></or_exp>
</condition>

<Node id="49" bw="64" op_0_bw="64">
<![CDATA[
branch12:0  %data_in_2_load = load double* @data_in_2, align 8

]]></Node>
<StgValue><ssdm name="data_in_2_load"/></StgValue>
</operation>

<operation id="68" st_id="2" stage="1" lat="1">
<core>NULL</core>
<MemPortIdVec></MemPortIdVec>
<condition id="-1">
<or_exp><and_exp><literal name="tmp" val="0"/>
<literal name="i" val="3"/>
</and_exp></or_exp>
</condition>

<Node id="50" bw="0" op_0_bw="0">
<![CDATA[
branch12:1  br label %3

]]></Node>
<StgValue><ssdm name=""/></StgValue>
</operation>

<operation id="69" st_id="2" stage="1" lat="1">
<core>NULL</core>
<MemPortIdVec></MemPortIdVec>
<condition id="-1">
<or_exp><and_exp><literal name="tmp" val="0"/>
<literal name="i" val="2"/>
</and_exp></or_exp>
</condition>

<Node id="52" bw="64" op_0_bw="64">
<![CDATA[
branch11:0  %data_in_1_load = load double* @data_in_1, align 8

]]></Node>
<StgValue><ssdm name="data_in_1_load"/></StgValue>
</operation>

<operation id="70" st_id="2" stage="1" lat="1">
<core>NULL</core>
<MemPortIdVec></MemPortIdVec>
<condition id="-1">
<or_exp><and_exp><literal name="tmp" val="0"/>
<literal name="i" val="2"/>
</and_exp></or_exp>
</condition>

<Node id="53" bw="0" op_0_bw="0">
<![CDATA[
branch11:1  br label %3

]]></Node>
<StgValue><ssdm name=""/></StgValue>
</operation>

<operation id="71" st_id="2" stage="1" lat="1">
<core>NULL</core>
<MemPortIdVec></MemPortIdVec>
<condition id="-1">
<or_exp><and_exp><literal name="tmp" val="0"/>
<literal name="i" val="1"/>
</and_exp></or_exp>
</condition>

<Node id="55" bw="64" op_0_bw="64">
<![CDATA[
branch10:0  %data_in_0_load = load double* @data_in_0, align 8

]]></Node>
<StgValue><ssdm name="data_in_0_load"/></StgValue>
</operation>

<operation id="72" st_id="2" stage="1" lat="1">
<core>NULL</core>
<MemPortIdVec></MemPortIdVec>
<condition id="-1">
<or_exp><and_exp><literal name="tmp" val="0"/>
<literal name="i" val="1"/>
</and_exp></or_exp>
</condition>

<Node id="56" bw="0" op_0_bw="0">
<![CDATA[
branch10:1  br label %3

]]></Node>
<StgValue><ssdm name=""/></StgValue>
</operation>

<operation id="73" st_id="2" stage="1" lat="1">
<core>NULL</core>
<MemPortIdVec></MemPortIdVec>
<condition id="-1">
<or_exp><and_exp><literal name="tmp" val="0"/>
<literal name="i" val="!1"/>
<literal name="i" val="!2"/>
<literal name="i" val="!3"/>
<literal name="i" val="!4"/>
<literal name="i" val="!5"/>
<literal name="i" val="!6"/>
<literal name="i" val="!7"/>
<literal name="i" val="!8"/>
</and_exp></or_exp>
</condition>

<Node id="58" bw="64" op_0_bw="64">
<![CDATA[
branch18:0  %data_in_8_load = load double* @data_in_8, align 8

]]></Node>
<StgValue><ssdm name="data_in_8_load"/></StgValue>
</operation>

<operation id="74" st_id="2" stage="1" lat="1">
<core>NULL</core>
<MemPortIdVec></MemPortIdVec>
<condition id="-1">
<or_exp><and_exp><literal name="tmp" val="0"/>
<literal name="i" val="!1"/>
<literal name="i" val="!2"/>
<literal name="i" val="!3"/>
<literal name="i" val="!4"/>
<literal name="i" val="!5"/>
<literal name="i" val="!6"/>
<literal name="i" val="!7"/>
<literal name="i" val="!8"/>
</and_exp></or_exp>
</condition>

<Node id="59" bw="0" op_0_bw="0">
<![CDATA[
branch18:1  br label %3

]]></Node>
<StgValue><ssdm name=""/></StgValue>
</operation>

<operation id="75" st_id="2" stage="1" lat="1">
<core>NULL</core>
<MemPortIdVec></MemPortIdVec>
<condition id="-1">
<or_exp><and_exp><literal name="tmp" val="0"/>
</and_exp></or_exp>
</condition>

<Node id="61" bw="64" op_0_bw="64" op_1_bw="0" op_2_bw="64" op_3_bw="0" op_4_bw="64" op_5_bw="0" op_6_bw="64" op_7_bw="0" op_8_bw="64">
<![CDATA[
:0  %data_in_load_phi = phi double [ %data_in_0_load, %branch10 ], [ %data_in_1_load, %branch11 ], [ %data_in_2_load, %branch12 ], [ %data_in_3_load, %branch13 ], [ %data_in_4_load, %branch14 ], [ %data_in_5_load, %branch15 ], [ %data_in_6_load, %branch16 ], [ %data_in_7_load, %branch17 ], [ %data_in_8_load, %branch18 ]

]]></Node>
<StgValue><ssdm name="data_in_load_phi"/></StgValue>
</operation>

<operation id="76" st_id="2" stage="1" lat="1">
<core>NULL</core>
<MemPortIdVec></MemPortIdVec>
<condition id="-1">
<or_exp><and_exp><literal name="tmp" val="0"/>
</and_exp></or_exp>
</condition>

<Node id="62" bw="64" op_0_bw="4">
<![CDATA[
:1  %tmp_3 = zext i4 %i to i64

]]></Node>
<StgValue><ssdm name="tmp_3"/></StgValue>
</operation>

<operation id="77" st_id="2" stage="1" lat="1">
<core>NULL</core>
<MemPortIdVec></MemPortIdVec>
<condition id="-1">
<or_exp><and_exp><literal name="tmp" val="0"/>
</and_exp></or_exp>
</condition>

<Node id="63" bw="0" op_0_bw="4" op_1_bw="0" op_2_bw="4" op_3_bw="0" op_4_bw="4" op_5_bw="0" op_6_bw="4" op_7_bw="0" op_8_bw="4" op_9_bw="0" op_10_bw="4" op_11_bw="0" op_12_bw="4" op_13_bw="0" op_14_bw="4" op_15_bw="0" op_16_bw="4" op_17_bw="0">
<![CDATA[
:2  switch i4 %i, label %branch9 [
    i4 1, label %branch1
    i4 2, label %branch2
    i4 3, label %branch3
    i4 4, label %branch4
    i4 5, label %branch5
    i4 6, label %branch6
    i4 7, label %branch7
    i4 -8, label %branch8
  ]

]]></Node>
<StgValue><ssdm name=""/></StgValue>
</operation>

<operation id="78" st_id="2" stage="1" lat="1">
<core>NULL</core>
<MemPortIdVec></MemPortIdVec>
<condition id="-1">
<or_exp><and_exp><literal name="tmp" val="0"/>
<literal name="i" val="8"/>
</and_exp></or_exp>
</condition>

<Node id="65" bw="0" op_0_bw="64" op_1_bw="64">
<![CDATA[
branch8:0  store double %data_in_load_phi, double* @data_in_8, align 8

]]></Node>
<StgValue><ssdm name=""/></StgValue>
</operation>

<operation id="79" st_id="2" stage="1" lat="1">
<core>NULL</core>
<MemPortIdVec></MemPortIdVec>
<condition id="-1">
<or_exp><and_exp><literal name="tmp" val="0"/>
<literal name="i" val="8"/>
</and_exp></or_exp>
</condition>

<Node id="66" bw="0" op_0_bw="0">
<![CDATA[
branch8:1  br label %branch9

]]></Node>
<StgValue><ssdm name=""/></StgValue>
</operation>

<operation id="80" st_id="2" stage="1" lat="1">
<core>NULL</core>
<MemPortIdVec></MemPortIdVec>
<condition id="-1">
<or_exp><and_exp><literal name="tmp" val="0"/>
<literal name="i" val="7"/>
</and_exp></or_exp>
</condition>

<Node id="68" bw="0" op_0_bw="64" op_1_bw="64">
<![CDATA[
branch7:0  store double %data_in_load_phi, double* @data_in_7, align 8

]]></Node>
<StgValue><ssdm name=""/></StgValue>
</operation>

<operation id="81" st_id="2" stage="1" lat="1">
<core>NULL</core>
<MemPortIdVec></MemPortIdVec>
<condition id="-1">
<or_exp><and_exp><literal name="tmp" val="0"/>
<literal name="i" val="7"/>
</and_exp></or_exp>
</condition>

<Node id="69" bw="0" op_0_bw="0">
<![CDATA[
branch7:1  br label %branch9

]]></Node>
<StgValue><ssdm name=""/></StgValue>
</operation>

<operation id="82" st_id="2" stage="1" lat="1">
<core>NULL</core>
<MemPortIdVec></MemPortIdVec>
<condition id="-1">
<or_exp><and_exp><literal name="tmp" val="0"/>
<literal name="i" val="6"/>
</and_exp></or_exp>
</condition>

<Node id="71" bw="0" op_0_bw="64" op_1_bw="64">
<![CDATA[
branch6:0  store double %data_in_load_phi, double* @data_in_6, align 8

]]></Node>
<StgValue><ssdm name=""/></StgValue>
</operation>

<operation id="83" st_id="2" stage="1" lat="1">
<core>NULL</core>
<MemPortIdVec></MemPortIdVec>
<condition id="-1">
<or_exp><and_exp><literal name="tmp" val="0"/>
<literal name="i" val="6"/>
</and_exp></or_exp>
</condition>

<Node id="72" bw="0" op_0_bw="0">
<![CDATA[
branch6:1  br label %branch9

]]></Node>
<StgValue><ssdm name=""/></StgValue>
</operation>

<operation id="84" st_id="2" stage="1" lat="1">
<core>NULL</core>
<MemPortIdVec></MemPortIdVec>
<condition id="-1">
<or_exp><and_exp><literal name="tmp" val="0"/>
<literal name="i" val="5"/>
</and_exp></or_exp>
</condition>

<Node id="74" bw="0" op_0_bw="64" op_1_bw="64">
<![CDATA[
branch5:0  store double %data_in_load_phi, double* @data_in_5, align 8

]]></Node>
<StgValue><ssdm name=""/></StgValue>
</operation>

<operation id="85" st_id="2" stage="1" lat="1">
<core>NULL</core>
<MemPortIdVec></MemPortIdVec>
<condition id="-1">
<or_exp><and_exp><literal name="tmp" val="0"/>
<literal name="i" val="5"/>
</and_exp></or_exp>
</condition>

<Node id="75" bw="0" op_0_bw="0">
<![CDATA[
branch5:1  br label %branch9

]]></Node>
<StgValue><ssdm name=""/></StgValue>
</operation>

<operation id="86" st_id="2" stage="1" lat="1">
<core>NULL</core>
<MemPortIdVec></MemPortIdVec>
<condition id="-1">
<or_exp><and_exp><literal name="tmp" val="0"/>
<literal name="i" val="4"/>
</and_exp></or_exp>
</condition>

<Node id="77" bw="0" op_0_bw="64" op_1_bw="64">
<![CDATA[
branch4:0  store double %data_in_load_phi, double* @data_in_4, align 8

]]></Node>
<StgValue><ssdm name=""/></StgValue>
</operation>

<operation id="87" st_id="2" stage="1" lat="1">
<core>NULL</core>
<MemPortIdVec></MemPortIdVec>
<condition id="-1">
<or_exp><and_exp><literal name="tmp" val="0"/>
<literal name="i" val="4"/>
</and_exp></or_exp>
</condition>

<Node id="78" bw="0" op_0_bw="0">
<![CDATA[
branch4:1  br label %branch9

]]></Node>
<StgValue><ssdm name=""/></StgValue>
</operation>

<operation id="88" st_id="2" stage="1" lat="1">
<core>NULL</core>
<MemPortIdVec></MemPortIdVec>
<condition id="-1">
<or_exp><and_exp><literal name="tmp" val="0"/>
<literal name="i" val="3"/>
</and_exp></or_exp>
</condition>

<Node id="80" bw="0" op_0_bw="64" op_1_bw="64">
<![CDATA[
branch3:0  store double %data_in_load_phi, double* @data_in_3, align 8

]]></Node>
<StgValue><ssdm name=""/></StgValue>
</operation>

<operation id="89" st_id="2" stage="1" lat="1">
<core>NULL</core>
<MemPortIdVec></MemPortIdVec>
<condition id="-1">
<or_exp><and_exp><literal name="tmp" val="0"/>
<literal name="i" val="3"/>
</and_exp></or_exp>
</condition>

<Node id="81" bw="0" op_0_bw="0">
<![CDATA[
branch3:1  br label %branch9

]]></Node>
<StgValue><ssdm name=""/></StgValue>
</operation>

<operation id="90" st_id="2" stage="1" lat="1">
<core>NULL</core>
<MemPortIdVec></MemPortIdVec>
<condition id="-1">
<or_exp><and_exp><literal name="tmp" val="0"/>
<literal name="i" val="2"/>
</and_exp></or_exp>
</condition>

<Node id="83" bw="0" op_0_bw="64" op_1_bw="64">
<![CDATA[
branch2:0  store double %data_in_load_phi, double* @data_in_2, align 8

]]></Node>
<StgValue><ssdm name=""/></StgValue>
</operation>

<operation id="91" st_id="2" stage="1" lat="1">
<core>NULL</core>
<MemPortIdVec></MemPortIdVec>
<condition id="-1">
<or_exp><and_exp><literal name="tmp" val="0"/>
<literal name="i" val="2"/>
</and_exp></or_exp>
</condition>

<Node id="84" bw="0" op_0_bw="0">
<![CDATA[
branch2:1  br label %branch9

]]></Node>
<StgValue><ssdm name=""/></StgValue>
</operation>

<operation id="92" st_id="2" stage="1" lat="1">
<core>NULL</core>
<MemPortIdVec></MemPortIdVec>
<condition id="-1">
<or_exp><and_exp><literal name="tmp" val="0"/>
<literal name="i" val="1"/>
</and_exp></or_exp>
</condition>

<Node id="86" bw="0" op_0_bw="64" op_1_bw="64">
<![CDATA[
branch1:0  store double %data_in_load_phi, double* @data_in_1, align 8

]]></Node>
<StgValue><ssdm name=""/></StgValue>
</operation>

<operation id="93" st_id="2" stage="1" lat="1">
<core>NULL</core>
<MemPortIdVec></MemPortIdVec>
<condition id="-1">
<or_exp><and_exp><literal name="tmp" val="0"/>
<literal name="i" val="1"/>
</and_exp></or_exp>
</condition>

<Node id="87" bw="0" op_0_bw="0">
<![CDATA[
branch1:1  br label %branch9

]]></Node>
<StgValue><ssdm name=""/></StgValue>
</operation>

<operation id="94" st_id="2" stage="1" lat="1">
<core>NULL</core>
<MemPortIdVec></MemPortIdVec>
<condition id="-1">
<or_exp><and_exp><literal name="tmp" val="0"/>
</and_exp></or_exp>
</condition>

<Node id="89" bw="4" op_0_bw="32" op_1_bw="64" op_2_bw="64">
<![CDATA[
branch9:0  %coeff_addr_1 = getelementptr [10 x i32]* %coeff, i64 0, i64 %tmp_3

]]></Node>
<StgValue><ssdm name="coeff_addr_1"/></StgValue>
</operation>

<operation id="95" st_id="2" stage="2" lat="2">
<core>RAM_1P_BRAM</core>
<MemPortIdVec>0 </MemPortIdVec>
<condition id="-1">
<or_exp><and_exp><literal name="tmp" val="0"/>
</and_exp></or_exp>
</condition>

<Node id="90" bw="32" op_0_bw="4">
<![CDATA[
branch9:1  %coeff_load = load i32* %coeff_addr_1, align 4

]]></Node>
<StgValue><ssdm name="coeff_load"/></StgValue>
</operation>

<operation id="96" st_id="2" stage="1" lat="1">
<core>NULL</core>
<MemPortIdVec></MemPortIdVec>
<condition id="-1">
<or_exp><and_exp><literal name="tmp" val="1"/>
</and_exp></or_exp>
</condition>

<Node id="96" bw="0" op_0_bw="64" op_1_bw="64">
<![CDATA[
:0  store double %probe_in_read, double* @data_in_0, align 16

]]></Node>
<StgValue><ssdm name=""/></StgValue>
</operation>

<operation id="97" st_id="2" stage="2" lat="2">
<core>RAM_1P_BRAM</core>
<MemPortIdVec>0 </MemPortIdVec>
<condition id="-1">
<or_exp><and_exp><literal name="tmp" val="1"/>
</and_exp></or_exp>
</condition>

<Node id="97" bw="32" op_0_bw="4">
<![CDATA[
:1  %coeff_load_1 = load i32* %coeff_addr, align 4

]]></Node>
<StgValue><ssdm name="coeff_load_1"/></StgValue>
</operation>
</state>

<state id="3" st_id="3">

<operation id="98" st_id="3" stage="1" lat="2">
<core>RAM_1P_BRAM</core>
<MemPortIdVec>0 </MemPortIdVec>
<condition id="-1">
<or_exp><and_exp></and_exp></or_exp>
</condition>

<Node id="90" bw="32" op_0_bw="4">
<![CDATA[
branch9:1  %coeff_load = load i32* %coeff_addr_1, align 4

]]></Node>
<StgValue><ssdm name="coeff_load"/></StgValue>
</operation>
</state>

<state id="4" st_id="4">

<operation id="99" st_id="4" stage="6" lat="6">
<core>Int2Double</core>
<MemPortIdVec></MemPortIdVec>
<condition id="-1">
<or_exp><and_exp></and_exp></or_exp>
</condition>

<Node id="91" bw="64" op_0_bw="32">
<![CDATA[
branch9:2  %tmp_4 = sitofp i32 %coeff_load to double

]]></Node>
<StgValue><ssdm name="tmp_4"/></StgValue>
</operation>
</state>

<state id="5" st_id="5">

<operation id="100" st_id="5" stage="5" lat="6">
<core>Int2Double</core>
<MemPortIdVec></MemPortIdVec>
<condition id="-1">
<or_exp><and_exp></and_exp></or_exp>
</condition>

<Node id="91" bw="64" op_0_bw="32">
<![CDATA[
branch9:2  %tmp_4 = sitofp i32 %coeff_load to double

]]></Node>
<StgValue><ssdm name="tmp_4"/></StgValue>
</operation>
</state>

<state id="6" st_id="6">

<operation id="101" st_id="6" stage="4" lat="6">
<core>Int2Double</core>
<MemPortIdVec></MemPortIdVec>
<condition id="-1">
<or_exp><and_exp></and_exp></or_exp>
</condition>

<Node id="91" bw="64" op_0_bw="32">
<![CDATA[
branch9:2  %tmp_4 = sitofp i32 %coeff_load to double

]]></Node>
<StgValue><ssdm name="tmp_4"/></StgValue>
</operation>
</state>

<state id="7" st_id="7">

<operation id="102" st_id="7" stage="3" lat="6">
<core>Int2Double</core>
<MemPortIdVec></MemPortIdVec>
<condition id="-1">
<or_exp><and_exp></and_exp></or_exp>
</condition>

<Node id="91" bw="64" op_0_bw="32">
<![CDATA[
branch9:2  %tmp_4 = sitofp i32 %coeff_load to double

]]></Node>
<StgValue><ssdm name="tmp_4"/></StgValue>
</operation>
</state>

<state id="8" st_id="8">

<operation id="103" st_id="8" stage="2" lat="6">
<core>Int2Double</core>
<MemPortIdVec></MemPortIdVec>
<condition id="-1">
<or_exp><and_exp></and_exp></or_exp>
</condition>

<Node id="91" bw="64" op_0_bw="32">
<![CDATA[
branch9:2  %tmp_4 = sitofp i32 %coeff_load to double

]]></Node>
<StgValue><ssdm name="tmp_4"/></StgValue>
</operation>
</state>

<state id="9" st_id="9">

<operation id="104" st_id="9" stage="1" lat="6">
<core>Int2Double</core>
<MemPortIdVec></MemPortIdVec>
<condition id="-1">
<or_exp><and_exp></and_exp></or_exp>
</condition>

<Node id="91" bw="64" op_0_bw="32">
<![CDATA[
branch9:2  %tmp_4 = sitofp i32 %coeff_load to double

]]></Node>
<StgValue><ssdm name="tmp_4"/></StgValue>
</operation>
</state>

<state id="10" st_id="10">

<operation id="105" st_id="10" stage="6" lat="6">
<core>DMul</core>
<MemPortIdVec></MemPortIdVec>
<condition id="-1">
<or_exp><and_exp></and_exp></or_exp>
</condition>

<Node id="92" bw="64" op_0_bw="64" op_1_bw="64">
<![CDATA[
branch9:3  %tmp_5 = fmul double %data_in_load_phi, %tmp_4

]]></Node>
<StgValue><ssdm name="tmp_5"/></StgValue>
</operation>
</state>

<state id="11" st_id="11">

<operation id="106" st_id="11" stage="5" lat="6">
<core>DMul</core>
<MemPortIdVec></MemPortIdVec>
<condition id="-1">
<or_exp><and_exp></and_exp></or_exp>
</condition>

<Node id="92" bw="64" op_0_bw="64" op_1_bw="64">
<![CDATA[
branch9:3  %tmp_5 = fmul double %data_in_load_phi, %tmp_4

]]></Node>
<StgValue><ssdm name="tmp_5"/></StgValue>
</operation>
</state>

<state id="12" st_id="12">

<operation id="107" st_id="12" stage="4" lat="6">
<core>DMul</core>
<MemPortIdVec></MemPortIdVec>
<condition id="-1">
<or_exp><and_exp></and_exp></or_exp>
</condition>

<Node id="92" bw="64" op_0_bw="64" op_1_bw="64">
<![CDATA[
branch9:3  %tmp_5 = fmul double %data_in_load_phi, %tmp_4

]]></Node>
<StgValue><ssdm name="tmp_5"/></StgValue>
</operation>
</state>

<state id="13" st_id="13">

<operation id="108" st_id="13" stage="3" lat="6">
<core>DMul</core>
<MemPortIdVec></MemPortIdVec>
<condition id="-1">
<or_exp><and_exp></and_exp></or_exp>
</condition>

<Node id="92" bw="64" op_0_bw="64" op_1_bw="64">
<![CDATA[
branch9:3  %tmp_5 = fmul double %data_in_load_phi, %tmp_4

]]></Node>
<StgValue><ssdm name="tmp_5"/></StgValue>
</operation>
</state>

<state id="14" st_id="14">

<operation id="109" st_id="14" stage="2" lat="6">
<core>DMul</core>
<MemPortIdVec></MemPortIdVec>
<condition id="-1">
<or_exp><and_exp></and_exp></or_exp>
</condition>

<Node id="92" bw="64" op_0_bw="64" op_1_bw="64">
<![CDATA[
branch9:3  %tmp_5 = fmul double %data_in_load_phi, %tmp_4

]]></Node>
<StgValue><ssdm name="tmp_5"/></StgValue>
</operation>
</state>

<state id="15" st_id="15">

<operation id="110" st_id="15" stage="1" lat="6">
<core>DMul</core>
<MemPortIdVec></MemPortIdVec>
<condition id="-1">
<or_exp><and_exp></and_exp></or_exp>
</condition>

<Node id="92" bw="64" op_0_bw="64" op_1_bw="64">
<![CDATA[
branch9:3  %tmp_5 = fmul double %data_in_load_phi, %tmp_4

]]></Node>
<StgValue><ssdm name="tmp_5"/></StgValue>
</operation>
</state>

<state id="16" st_id="16">

<operation id="111" st_id="16" stage="5" lat="5">
<core>DAddSub</core>
<MemPortIdVec></MemPortIdVec>
<condition id="-1">
<or_exp><and_exp></and_exp></or_exp>
</condition>

<Node id="93" bw="64" op_0_bw="64" op_1_bw="64">
<![CDATA[
branch9:4  %acc_1 = fadd double %acc, %tmp_5

]]></Node>
<StgValue><ssdm name="acc_1"/></StgValue>
</operation>
</state>

<state id="17" st_id="17">

<operation id="112" st_id="17" stage="4" lat="5">
<core>DAddSub</core>
<MemPortIdVec></MemPortIdVec>
<condition id="-1">
<or_exp><and_exp></and_exp></or_exp>
</condition>

<Node id="93" bw="64" op_0_bw="64" op_1_bw="64">
<![CDATA[
branch9:4  %acc_1 = fadd double %acc, %tmp_5

]]></Node>
<StgValue><ssdm name="acc_1"/></StgValue>
</operation>
</state>

<state id="18" st_id="18">

<operation id="113" st_id="18" stage="3" lat="5">
<core>DAddSub</core>
<MemPortIdVec></MemPortIdVec>
<condition id="-1">
<or_exp><and_exp></and_exp></or_exp>
</condition>

<Node id="93" bw="64" op_0_bw="64" op_1_bw="64">
<![CDATA[
branch9:4  %acc_1 = fadd double %acc, %tmp_5

]]></Node>
<StgValue><ssdm name="acc_1"/></StgValue>
</operation>
</state>

<state id="19" st_id="19">

<operation id="114" st_id="19" stage="2" lat="5">
<core>DAddSub</core>
<MemPortIdVec></MemPortIdVec>
<condition id="-1">
<or_exp><and_exp></and_exp></or_exp>
</condition>

<Node id="93" bw="64" op_0_bw="64" op_1_bw="64">
<![CDATA[
branch9:4  %acc_1 = fadd double %acc, %tmp_5

]]></Node>
<StgValue><ssdm name="acc_1"/></StgValue>
</operation>
</state>

<state id="20" st_id="20">

<operation id="115" st_id="20" stage="1" lat="5">
<core>DAddSub</core>
<MemPortIdVec></MemPortIdVec>
<condition id="-1">
<or_exp><and_exp></and_exp></or_exp>
</condition>

<Node id="93" bw="64" op_0_bw="64" op_1_bw="64">
<![CDATA[
branch9:4  %acc_1 = fadd double %acc, %tmp_5

]]></Node>
<StgValue><ssdm name="acc_1"/></StgValue>
</operation>

<operation id="116" st_id="20" stage="1" lat="1">
<core>NULL</core>
<MemPortIdVec></MemPortIdVec>
<condition id="-1">
<or_exp><and_exp></and_exp></or_exp>
</condition>

<Node id="94" bw="0" op_0_bw="0">
<![CDATA[
branch9:5  br label %1

]]></Node>
<StgValue><ssdm name=""/></StgValue>
</operation>
</state>

<state id="21" st_id="21">

<operation id="117" st_id="21" stage="1" lat="2">
<core>RAM_1P_BRAM</core>
<MemPortIdVec>0 </MemPortIdVec>
<condition id="-1">
<or_exp><and_exp></and_exp></or_exp>
</condition>

<Node id="97" bw="32" op_0_bw="4">
<![CDATA[
:1  %coeff_load_1 = load i32* %coeff_addr, align 4

]]></Node>
<StgValue><ssdm name="coeff_load_1"/></StgValue>
</operation>
</state>

<state id="22" st_id="22">

<operation id="118" st_id="22" stage="6" lat="6">
<core>Int2Double</core>
<MemPortIdVec></MemPortIdVec>
<condition id="-1">
<or_exp><and_exp></and_exp></or_exp>
</condition>

<Node id="98" bw="64" op_0_bw="32">
<![CDATA[
:2  %tmp_7 = sitofp i32 %coeff_load_1 to double

]]></Node>
<StgValue><ssdm name="tmp_7"/></StgValue>
</operation>
</state>

<state id="23" st_id="23">

<operation id="119" st_id="23" stage="5" lat="6">
<core>Int2Double</core>
<MemPortIdVec></MemPortIdVec>
<condition id="-1">
<or_exp><and_exp></and_exp></or_exp>
</condition>

<Node id="98" bw="64" op_0_bw="32">
<![CDATA[
:2  %tmp_7 = sitofp i32 %coeff_load_1 to double

]]></Node>
<StgValue><ssdm name="tmp_7"/></StgValue>
</operation>
</state>

<state id="24" st_id="24">

<operation id="120" st_id="24" stage="4" lat="6">
<core>Int2Double</core>
<MemPortIdVec></MemPortIdVec>
<condition id="-1">
<or_exp><and_exp></and_exp></or_exp>
</condition>

<Node id="98" bw="64" op_0_bw="32">
<![CDATA[
:2  %tmp_7 = sitofp i32 %coeff_load_1 to double

]]></Node>
<StgValue><ssdm name="tmp_7"/></StgValue>
</operation>
</state>

<state id="25" st_id="25">

<operation id="121" st_id="25" stage="3" lat="6">
<core>Int2Double</core>
<MemPortIdVec></MemPortIdVec>
<condition id="-1">
<or_exp><and_exp></and_exp></or_exp>
</condition>

<Node id="98" bw="64" op_0_bw="32">
<![CDATA[
:2  %tmp_7 = sitofp i32 %coeff_load_1 to double

]]></Node>
<StgValue><ssdm name="tmp_7"/></StgValue>
</operation>
</state>

<state id="26" st_id="26">

<operation id="122" st_id="26" stage="2" lat="6">
<core>Int2Double</core>
<MemPortIdVec></MemPortIdVec>
<condition id="-1">
<or_exp><and_exp></and_exp></or_exp>
</condition>

<Node id="98" bw="64" op_0_bw="32">
<![CDATA[
:2  %tmp_7 = sitofp i32 %coeff_load_1 to double

]]></Node>
<StgValue><ssdm name="tmp_7"/></StgValue>
</operation>
</state>

<state id="27" st_id="27">

<operation id="123" st_id="27" stage="1" lat="6">
<core>Int2Double</core>
<MemPortIdVec></MemPortIdVec>
<condition id="-1">
<or_exp><and_exp></and_exp></or_exp>
</condition>

<Node id="98" bw="64" op_0_bw="32">
<![CDATA[
:2  %tmp_7 = sitofp i32 %coeff_load_1 to double

]]></Node>
<StgValue><ssdm name="tmp_7"/></StgValue>
</operation>
</state>

<state id="28" st_id="28">

<operation id="124" st_id="28" stage="6" lat="6">
<core>DMul</core>
<MemPortIdVec></MemPortIdVec>
<condition id="-1">
<or_exp><and_exp></and_exp></or_exp>
</condition>

<Node id="99" bw="64" op_0_bw="64" op_1_bw="64">
<![CDATA[
:3  %tmp_8 = fmul double %tmp_7, %probe_in_read

]]></Node>
<StgValue><ssdm name="tmp_8"/></StgValue>
</operation>
</state>

<state id="29" st_id="29">

<operation id="125" st_id="29" stage="5" lat="6">
<core>DMul</core>
<MemPortIdVec></MemPortIdVec>
<condition id="-1">
<or_exp><and_exp></and_exp></or_exp>
</condition>

<Node id="99" bw="64" op_0_bw="64" op_1_bw="64">
<![CDATA[
:3  %tmp_8 = fmul double %tmp_7, %probe_in_read

]]></Node>
<StgValue><ssdm name="tmp_8"/></StgValue>
</operation>
</state>

<state id="30" st_id="30">

<operation id="126" st_id="30" stage="4" lat="6">
<core>DMul</core>
<MemPortIdVec></MemPortIdVec>
<condition id="-1">
<or_exp><and_exp></and_exp></or_exp>
</condition>

<Node id="99" bw="64" op_0_bw="64" op_1_bw="64">
<![CDATA[
:3  %tmp_8 = fmul double %tmp_7, %probe_in_read

]]></Node>
<StgValue><ssdm name="tmp_8"/></StgValue>
</operation>
</state>

<state id="31" st_id="31">

<operation id="127" st_id="31" stage="3" lat="6">
<core>DMul</core>
<MemPortIdVec></MemPortIdVec>
<condition id="-1">
<or_exp><and_exp></and_exp></or_exp>
</condition>

<Node id="99" bw="64" op_0_bw="64" op_1_bw="64">
<![CDATA[
:3  %tmp_8 = fmul double %tmp_7, %probe_in_read

]]></Node>
<StgValue><ssdm name="tmp_8"/></StgValue>
</operation>
</state>

<state id="32" st_id="32">

<operation id="128" st_id="32" stage="2" lat="6">
<core>DMul</core>
<MemPortIdVec></MemPortIdVec>
<condition id="-1">
<or_exp><and_exp></and_exp></or_exp>
</condition>

<Node id="99" bw="64" op_0_bw="64" op_1_bw="64">
<![CDATA[
:3  %tmp_8 = fmul double %tmp_7, %probe_in_read

]]></Node>
<StgValue><ssdm name="tmp_8"/></StgValue>
</operation>
</state>

<state id="33" st_id="33">

<operation id="129" st_id="33" stage="1" lat="6">
<core>DMul</core>
<MemPortIdVec></MemPortIdVec>
<condition id="-1">
<or_exp><and_exp></and_exp></or_exp>
</condition>

<Node id="99" bw="64" op_0_bw="64" op_1_bw="64">
<![CDATA[
:3  %tmp_8 = fmul double %tmp_7, %probe_in_read

]]></Node>
<StgValue><ssdm name="tmp_8"/></StgValue>
</operation>
</state>

<state id="34" st_id="34">

<operation id="130" st_id="34" stage="5" lat="5">
<core>DAddSub</core>
<MemPortIdVec></MemPortIdVec>
<condition id="-1">
<or_exp><and_exp></and_exp></or_exp>
</condition>

<Node id="100" bw="64" op_0_bw="64" op_1_bw="64">
<![CDATA[
:4  %acc_2 = fadd double %acc, %tmp_8

]]></Node>
<StgValue><ssdm name="acc_2"/></StgValue>
</operation>
</state>

<state id="35" st_id="35">

<operation id="131" st_id="35" stage="4" lat="5">
<core>DAddSub</core>
<MemPortIdVec></MemPortIdVec>
<condition id="-1">
<or_exp><and_exp></and_exp></or_exp>
</condition>

<Node id="100" bw="64" op_0_bw="64" op_1_bw="64">
<![CDATA[
:4  %acc_2 = fadd double %acc, %tmp_8

]]></Node>
<StgValue><ssdm name="acc_2"/></StgValue>
</operation>
</state>

<state id="36" st_id="36">

<operation id="132" st_id="36" stage="3" lat="5">
<core>DAddSub</core>
<MemPortIdVec></MemPortIdVec>
<condition id="-1">
<or_exp><and_exp></and_exp></or_exp>
</condition>

<Node id="100" bw="64" op_0_bw="64" op_1_bw="64">
<![CDATA[
:4  %acc_2 = fadd double %acc, %tmp_8

]]></Node>
<StgValue><ssdm name="acc_2"/></StgValue>
</operation>
</state>

<state id="37" st_id="37">

<operation id="133" st_id="37" stage="2" lat="5">
<core>DAddSub</core>
<MemPortIdVec></MemPortIdVec>
<condition id="-1">
<or_exp><and_exp></and_exp></or_exp>
</condition>

<Node id="100" bw="64" op_0_bw="64" op_1_bw="64">
<![CDATA[
:4  %acc_2 = fadd double %acc, %tmp_8

]]></Node>
<StgValue><ssdm name="acc_2"/></StgValue>
</operation>
</state>

<state id="38" st_id="38">

<operation id="134" st_id="38" stage="1" lat="5">
<core>DAddSub</core>
<MemPortIdVec></MemPortIdVec>
<condition id="-1">
<or_exp><and_exp></and_exp></or_exp>
</condition>

<Node id="100" bw="64" op_0_bw="64" op_1_bw="64">
<![CDATA[
:4  %acc_2 = fadd double %acc, %tmp_8

]]></Node>
<StgValue><ssdm name="acc_2"/></StgValue>
</operation>

<operation id="135" st_id="38" stage="1" lat="1">
<core>NULL</core>
<MemPortIdVec></MemPortIdVec>
<condition id="-1">
<or_exp><and_exp></and_exp></or_exp>
</condition>

<Node id="101" bw="0" op_0_bw="0" op_1_bw="64" op_2_bw="64">
<![CDATA[
:5  call void @_ssdm_op_Write.ap_vld.doubleP(double* %out_r, double %acc_2) nounwind

]]></Node>
<StgValue><ssdm name=""/></StgValue>
</operation>

<operation id="136" st_id="38" stage="1" lat="1">
<core>NULL</core>
<MemPortIdVec></MemPortIdVec>
<condition id="-1">
<or_exp><and_exp></and_exp></or_exp>
</condition>

<Node id="102" bw="0">
<![CDATA[
:6  ret void

]]></Node>
<StgValue><ssdm name=""/></StgValue>
</operation>
</state>
</state_list>


<ports>
<port id="185" name="probe_in" dir="0" iftype="0">
<core>NULL</core><StgValue><ssdm name="probe_in"/></StgValue>
</port>
<port id="186" name="out_r" dir="1" iftype="0">
<core>NULL</core><StgValue><ssdm name="out_r"/></StgValue>
</port>
<port id="187" name="coeff" dir="0" iftype="1">
<core>RAM_1P_BRAM</core><StgValue><ssdm name="coeff"/><MemPortTyVec>1 </MemPortTyVec>
</StgValue>
</port>
<port id="188" name="data_in_0" dir="2" iftype="0">
<core>NULL</core><StgValue><ssdm name="data_in_0"/></StgValue>
</port>
<port id="189" name="data_in_1" dir="2" iftype="0">
<core>NULL</core><StgValue><ssdm name="data_in_1"/></StgValue>
</port>
<port id="190" name="data_in_2" dir="2" iftype="0">
<core>NULL</core><StgValue><ssdm name="data_in_2"/></StgValue>
</port>
<port id="191" name="data_in_3" dir="2" iftype="0">
<core>NULL</core><StgValue><ssdm name="data_in_3"/></StgValue>
</port>
<port id="192" name="data_in_4" dir="2" iftype="0">
<core>NULL</core><StgValue><ssdm name="data_in_4"/></StgValue>
</port>
<port id="193" name="data_in_5" dir="2" iftype="0">
<core>NULL</core><StgValue><ssdm name="data_in_5"/></StgValue>
</port>
<port id="194" name="data_in_6" dir="2" iftype="0">
<core>NULL</core><StgValue><ssdm name="data_in_6"/></StgValue>
</port>
<port id="195" name="data_in_7" dir="2" iftype="0">
<core>NULL</core><StgValue><ssdm name="data_in_7"/></StgValue>
</port>
<port id="196" name="data_in_8" dir="2" iftype="0">
<core>NULL</core><StgValue><ssdm name="data_in_8"/></StgValue>
</port>
</ports>


<dataflows>
<dataflow id="198" from="_ssdm_op_SpecBitsMap" to="StgValue_39" fromId="197" toId="39">
</dataflow>
<dataflow id="199" from="probe_in" to="StgValue_39" fromId="185" toId="39">
</dataflow>
<dataflow id="200" from="_ssdm_op_SpecBitsMap" to="StgValue_40" fromId="197" toId="40">
</dataflow>
<dataflow id="201" from="out_r" to="StgValue_40" fromId="186" toId="40">
</dataflow>
<dataflow id="202" from="_ssdm_op_SpecBitsMap" to="StgValue_41" fromId="197" toId="41">
</dataflow>
<dataflow id="203" from="coeff" to="StgValue_41" fromId="187" toId="41">
</dataflow>
<dataflow id="205" from="_ssdm_op_Read.ap_vld.double" to="probe_in_read" fromId="204" toId="42">
</dataflow>
<dataflow id="206" from="probe_in" to="probe_in_read" fromId="185" toId="42">
</dataflow>
<dataflow id="207" from="coeff" to="coeff_addr" fromId="187" toId="43">
</dataflow>
<dataflow id="209" from="StgValue_208" to="coeff_addr" fromId="208" toId="43">
</dataflow>
<dataflow id="210" from="StgValue_208" to="coeff_addr" fromId="208" toId="43">
</dataflow>
<dataflow id="212" from="_ssdm_op_SpecTopModule" to="StgValue_44" fromId="211" toId="44">
</dataflow>
<dataflow id="214" from="fir_str" to="StgValue_44" fromId="213" toId="44">
</dataflow>
<dataflow id="216" from="_ssdm_op_SpecMemCore" to="StgValue_45" fromId="215" toId="45">
</dataflow>
<dataflow id="217" from="coeff" to="StgValue_45" fromId="187" toId="45">
</dataflow>
<dataflow id="219" from="p_str" to="StgValue_45" fromId="218" toId="45">
</dataflow>
<dataflow id="221" from="p_str1" to="StgValue_45" fromId="220" toId="45">
</dataflow>
<dataflow id="222" from="p_str" to="StgValue_45" fromId="218" toId="45">
</dataflow>
<dataflow id="224" from="StgValue_223" to="StgValue_45" fromId="223" toId="45">
</dataflow>
<dataflow id="225" from="p_str" to="StgValue_45" fromId="218" toId="45">
</dataflow>
<dataflow id="226" from="p_str" to="StgValue_45" fromId="218" toId="45">
</dataflow>
<dataflow id="227" from="p_str" to="StgValue_45" fromId="218" toId="45">
</dataflow>
<dataflow id="228" from="p_str" to="StgValue_45" fromId="218" toId="45">
</dataflow>
<dataflow id="229" from="p_str" to="StgValue_45" fromId="218" toId="45">
</dataflow>
<dataflow id="231" from="_ssdm_op_SpecInterface" to="StgValue_46" fromId="230" toId="46">
</dataflow>
<dataflow id="232" from="out_r" to="StgValue_46" fromId="186" toId="46">
</dataflow>
<dataflow id="234" from="p_str2" to="StgValue_46" fromId="233" toId="46">
</dataflow>
<dataflow id="236" from="StgValue_235" to="StgValue_46" fromId="235" toId="46">
</dataflow>
<dataflow id="237" from="StgValue_235" to="StgValue_46" fromId="235" toId="46">
</dataflow>
<dataflow id="238" from="p_str" to="StgValue_46" fromId="218" toId="46">
</dataflow>
<dataflow id="239" from="StgValue_235" to="StgValue_46" fromId="235" toId="46">
</dataflow>
<dataflow id="240" from="StgValue_235" to="StgValue_46" fromId="235" toId="46">
</dataflow>
<dataflow id="241" from="p_str" to="StgValue_46" fromId="218" toId="46">
</dataflow>
<dataflow id="242" from="p_str" to="StgValue_46" fromId="218" toId="46">
</dataflow>
<dataflow id="243" from="p_str" to="StgValue_46" fromId="218" toId="46">
</dataflow>
<dataflow id="244" from="StgValue_235" to="StgValue_46" fromId="235" toId="46">
</dataflow>
<dataflow id="245" from="StgValue_235" to="StgValue_46" fromId="235" toId="46">
</dataflow>
<dataflow id="246" from="StgValue_235" to="StgValue_46" fromId="235" toId="46">
</dataflow>
<dataflow id="247" from="StgValue_235" to="StgValue_46" fromId="235" toId="46">
</dataflow>
<dataflow id="248" from="p_str" to="StgValue_46" fromId="218" toId="46">
</dataflow>
<dataflow id="249" from="p_str" to="StgValue_46" fromId="218" toId="46">
</dataflow>
<dataflow id="250" from="_ssdm_op_SpecInterface" to="StgValue_47" fromId="230" toId="47">
</dataflow>
<dataflow id="251" from="probe_in" to="StgValue_47" fromId="185" toId="47">
</dataflow>
<dataflow id="252" from="p_str2" to="StgValue_47" fromId="233" toId="47">
</dataflow>
<dataflow id="253" from="StgValue_235" to="StgValue_47" fromId="235" toId="47">
</dataflow>
<dataflow id="254" from="StgValue_235" to="StgValue_47" fromId="235" toId="47">
</dataflow>
<dataflow id="255" from="p_str" to="StgValue_47" fromId="218" toId="47">
</dataflow>
<dataflow id="256" from="StgValue_235" to="StgValue_47" fromId="235" toId="47">
</dataflow>
<dataflow id="257" from="StgValue_235" to="StgValue_47" fromId="235" toId="47">
</dataflow>
<dataflow id="258" from="p_str" to="StgValue_47" fromId="218" toId="47">
</dataflow>
<dataflow id="259" from="p_str" to="StgValue_47" fromId="218" toId="47">
</dataflow>
<dataflow id="260" from="p_str" to="StgValue_47" fromId="218" toId="47">
</dataflow>
<dataflow id="261" from="StgValue_235" to="StgValue_47" fromId="235" toId="47">
</dataflow>
<dataflow id="262" from="StgValue_235" to="StgValue_47" fromId="235" toId="47">
</dataflow>
<dataflow id="263" from="StgValue_235" to="StgValue_47" fromId="235" toId="47">
</dataflow>
<dataflow id="264" from="StgValue_235" to="StgValue_47" fromId="235" toId="47">
</dataflow>
<dataflow id="265" from="p_str" to="StgValue_47" fromId="218" toId="47">
</dataflow>
<dataflow id="266" from="p_str" to="StgValue_47" fromId="218" toId="47">
</dataflow>
<dataflow id="268" from="StgValue_267" to="acc" fromId="267" toId="49">
<condition id="-1">
<or_exp><and_exp></and_exp></or_exp>
</condition>
</dataflow>
<dataflow id="269" from="StgValue_48" to="acc" fromId="48" toId="49">
</dataflow>
<dataflow id="270" from="acc_1" to="acc" fromId="115" toId="49">
<BackEdge/>
<condition id="-1">
<or_exp><and_exp></and_exp></or_exp>
</condition>
</dataflow>
<dataflow id="271" from="StgValue_116" to="acc" fromId="116" toId="49">
<BackEdge/>
</dataflow>
<dataflow id="273" from="StgValue_272" to="i" fromId="272" toId="50">
<condition id="-1">
<or_exp><and_exp></and_exp></or_exp>
</condition>
</dataflow>
<dataflow id="274" from="StgValue_48" to="i" fromId="48" toId="50">
</dataflow>
<dataflow id="275" from="i_1" to="i" fromId="55" toId="50">
<BackEdge/>
<condition id="-1">
<or_exp><and_exp></and_exp></or_exp>
</condition>
</dataflow>
<dataflow id="276" from="StgValue_116" to="i" fromId="116" toId="50">
<BackEdge/>
</dataflow>
<dataflow id="277" from="i" to="tmp" fromId="50" toId="51">
</dataflow>
<dataflow id="279" from="StgValue_278" to="tmp" fromId="278" toId="51">
</dataflow>
<dataflow id="281" from="_ssdm_op_SpecLoopTripCount" to="empty" fromId="280" toId="52">
</dataflow>
<dataflow id="283" from="StgValue_282" to="empty" fromId="282" toId="52">
</dataflow>
<dataflow id="284" from="StgValue_282" to="empty" fromId="282" toId="52">
</dataflow>
<dataflow id="285" from="StgValue_282" to="empty" fromId="282" toId="52">
</dataflow>
<dataflow id="286" from="tmp" to="StgValue_53" fromId="51" toId="53">
</dataflow>
<dataflow id="288" from="_ssdm_op_SpecLoopName" to="StgValue_54" fromId="287" toId="54">
</dataflow>
<dataflow id="290" from="p_str4" to="StgValue_54" fromId="289" toId="54">
</dataflow>
<dataflow id="291" from="i" to="i_1" fromId="50" toId="55">
</dataflow>
<dataflow id="293" from="StgValue_292" to="i_1" fromId="292" toId="55">
</dataflow>
<dataflow id="294" from="i" to="StgValue_56" fromId="50" toId="56">
</dataflow>
<dataflow id="296" from="StgValue_295" to="StgValue_56" fromId="295" toId="56">
</dataflow>
<dataflow id="298" from="StgValue_297" to="StgValue_56" fromId="297" toId="56">
</dataflow>
<dataflow id="300" from="StgValue_299" to="StgValue_56" fromId="299" toId="56">
</dataflow>
<dataflow id="302" from="StgValue_301" to="StgValue_56" fromId="301" toId="56">
</dataflow>
<dataflow id="304" from="StgValue_303" to="StgValue_56" fromId="303" toId="56">
</dataflow>
<dataflow id="306" from="StgValue_305" to="StgValue_56" fromId="305" toId="56">
</dataflow>
<dataflow id="308" from="StgValue_307" to="StgValue_56" fromId="307" toId="56">
</dataflow>
<dataflow id="310" from="StgValue_309" to="StgValue_56" fromId="309" toId="56">
</dataflow>
<dataflow id="311" from="data_in_7" to="data_in_7_load" fromId="195" toId="57">
</dataflow>
<dataflow id="312" from="data_in_6" to="data_in_6_load" fromId="194" toId="59">
</dataflow>
<dataflow id="313" from="data_in_5" to="data_in_5_load" fromId="193" toId="61">
</dataflow>
<dataflow id="314" from="data_in_4" to="data_in_4_load" fromId="192" toId="63">
</dataflow>
<dataflow id="315" from="data_in_3" to="data_in_3_load" fromId="191" toId="65">
</dataflow>
<dataflow id="316" from="data_in_2" to="data_in_2_load" fromId="190" toId="67">
</dataflow>
<dataflow id="317" from="data_in_1" to="data_in_1_load" fromId="189" toId="69">
</dataflow>
<dataflow id="318" from="data_in_0" to="data_in_0_load" fromId="188" toId="71">
</dataflow>
<dataflow id="319" from="data_in_8" to="data_in_8_load" fromId="196" toId="73">
</dataflow>
<dataflow id="320" from="data_in_0_load" to="data_in_load_phi" fromId="71" toId="75">
<condition id="-1">
<or_exp><and_exp><literal name="tmp" val="0"/>
<literal name="i" val="1"/>
</and_exp></or_exp>
</condition>
</dataflow>
<dataflow id="321" from="StgValue_72" to="data_in_load_phi" fromId="72" toId="75">
</dataflow>
<dataflow id="322" from="data_in_1_load" to="data_in_load_phi" fromId="69" toId="75">
<condition id="-1">
<or_exp><and_exp><literal name="tmp" val="0"/>
<literal name="i" val="2"/>
</and_exp></or_exp>
</condition>
</dataflow>
<dataflow id="323" from="StgValue_70" to="data_in_load_phi" fromId="70" toId="75">
</dataflow>
<dataflow id="324" from="data_in_2_load" to="data_in_load_phi" fromId="67" toId="75">
<condition id="-1">
<or_exp><and_exp><literal name="tmp" val="0"/>
<literal name="i" val="3"/>
</and_exp></or_exp>
</condition>
</dataflow>
<dataflow id="325" from="StgValue_68" to="data_in_load_phi" fromId="68" toId="75">
</dataflow>
<dataflow id="326" from="data_in_3_load" to="data_in_load_phi" fromId="65" toId="75">
<condition id="-1">
<or_exp><and_exp><literal name="tmp" val="0"/>
<literal name="i" val="4"/>
</and_exp></or_exp>
</condition>
</dataflow>
<dataflow id="327" from="StgValue_66" to="data_in_load_phi" fromId="66" toId="75">
</dataflow>
<dataflow id="328" from="data_in_4_load" to="data_in_load_phi" fromId="63" toId="75">
<condition id="-1">
<or_exp><and_exp><literal name="tmp" val="0"/>
<literal name="i" val="5"/>
</and_exp></or_exp>
</condition>
</dataflow>
<dataflow id="329" from="StgValue_64" to="data_in_load_phi" fromId="64" toId="75">
</dataflow>
<dataflow id="330" from="data_in_5_load" to="data_in_load_phi" fromId="61" toId="75">
<condition id="-1">
<or_exp><and_exp><literal name="tmp" val="0"/>
<literal name="i" val="6"/>
</and_exp></or_exp>
</condition>
</dataflow>
<dataflow id="331" from="StgValue_62" to="data_in_load_phi" fromId="62" toId="75">
</dataflow>
<dataflow id="332" from="data_in_6_load" to="data_in_load_phi" fromId="59" toId="75">
<condition id="-1">
<or_exp><and_exp><literal name="tmp" val="0"/>
<literal name="i" val="7"/>
</and_exp></or_exp>
</condition>
</dataflow>
<dataflow id="333" from="StgValue_60" to="data_in_load_phi" fromId="60" toId="75">
</dataflow>
<dataflow id="334" from="data_in_7_load" to="data_in_load_phi" fromId="57" toId="75">
<condition id="-1">
<or_exp><and_exp><literal name="tmp" val="0"/>
<literal name="i" val="8"/>
</and_exp></or_exp>
</condition>
</dataflow>
<dataflow id="335" from="StgValue_58" to="data_in_load_phi" fromId="58" toId="75">
</dataflow>
<dataflow id="336" from="data_in_8_load" to="data_in_load_phi" fromId="73" toId="75">
<condition id="-1">
<or_exp><and_exp><literal name="tmp" val="0"/>
<literal name="i" val="!1"/>
<literal name="i" val="!2"/>
<literal name="i" val="!3"/>
<literal name="i" val="!4"/>
<literal name="i" val="!5"/>
<literal name="i" val="!6"/>
<literal name="i" val="!7"/>
<literal name="i" val="!8"/>
</and_exp></or_exp>
</condition>
</dataflow>
<dataflow id="337" from="StgValue_74" to="data_in_load_phi" fromId="74" toId="75">
</dataflow>
<dataflow id="338" from="i" to="tmp_3" fromId="50" toId="76">
</dataflow>
<dataflow id="339" from="i" to="StgValue_77" fromId="50" toId="77">
</dataflow>
<dataflow id="340" from="StgValue_295" to="StgValue_77" fromId="295" toId="77">
</dataflow>
<dataflow id="341" from="StgValue_297" to="StgValue_77" fromId="297" toId="77">
</dataflow>
<dataflow id="342" from="StgValue_299" to="StgValue_77" fromId="299" toId="77">
</dataflow>
<dataflow id="343" from="StgValue_301" to="StgValue_77" fromId="301" toId="77">
</dataflow>
<dataflow id="344" from="StgValue_303" to="StgValue_77" fromId="303" toId="77">
</dataflow>
<dataflow id="345" from="StgValue_305" to="StgValue_77" fromId="305" toId="77">
</dataflow>
<dataflow id="346" from="StgValue_307" to="StgValue_77" fromId="307" toId="77">
</dataflow>
<dataflow id="347" from="StgValue_309" to="StgValue_77" fromId="309" toId="77">
</dataflow>
<dataflow id="348" from="data_in_load_phi" to="StgValue_78" fromId="75" toId="78">
</dataflow>
<dataflow id="349" from="data_in_8" to="StgValue_78" fromId="196" toId="78">
</dataflow>
<dataflow id="350" from="data_in_load_phi" to="StgValue_80" fromId="75" toId="80">
</dataflow>
<dataflow id="351" from="data_in_7" to="StgValue_80" fromId="195" toId="80">
</dataflow>
<dataflow id="352" from="data_in_load_phi" to="StgValue_82" fromId="75" toId="82">
</dataflow>
<dataflow id="353" from="data_in_6" to="StgValue_82" fromId="194" toId="82">
</dataflow>
<dataflow id="354" from="data_in_load_phi" to="StgValue_84" fromId="75" toId="84">
</dataflow>
<dataflow id="355" from="data_in_5" to="StgValue_84" fromId="193" toId="84">
</dataflow>
<dataflow id="356" from="data_in_load_phi" to="StgValue_86" fromId="75" toId="86">
</dataflow>
<dataflow id="357" from="data_in_4" to="StgValue_86" fromId="192" toId="86">
</dataflow>
<dataflow id="358" from="data_in_load_phi" to="StgValue_88" fromId="75" toId="88">
</dataflow>
<dataflow id="359" from="data_in_3" to="StgValue_88" fromId="191" toId="88">
</dataflow>
<dataflow id="360" from="data_in_load_phi" to="StgValue_90" fromId="75" toId="90">
</dataflow>
<dataflow id="361" from="data_in_2" to="StgValue_90" fromId="190" toId="90">
</dataflow>
<dataflow id="362" from="data_in_load_phi" to="StgValue_92" fromId="75" toId="92">
</dataflow>
<dataflow id="363" from="data_in_1" to="StgValue_92" fromId="189" toId="92">
</dataflow>
<dataflow id="364" from="coeff" to="coeff_addr_1" fromId="187" toId="94">
</dataflow>
<dataflow id="365" from="StgValue_208" to="coeff_addr_1" fromId="208" toId="94">
</dataflow>
<dataflow id="366" from="tmp_3" to="coeff_addr_1" fromId="76" toId="94">
</dataflow>
<dataflow id="367" from="coeff_addr_1" to="coeff_load" fromId="94" toId="95">
</dataflow>
<dataflow id="368" from="probe_in_read" to="StgValue_96" fromId="42" toId="96">
</dataflow>
<dataflow id="369" from="data_in_0" to="StgValue_96" fromId="188" toId="96">
</dataflow>
<dataflow id="370" from="coeff_addr" to="coeff_load_1" fromId="43" toId="97">
</dataflow>
<dataflow id="371" from="coeff_addr_1" to="coeff_load" fromId="94" toId="98">
</dataflow>
<dataflow id="372" from="coeff_load" to="tmp_4" fromId="98" toId="99">
</dataflow>
<dataflow id="373" from="coeff_load" to="tmp_4" fromId="98" toId="100">
</dataflow>
<dataflow id="374" from="coeff_load" to="tmp_4" fromId="98" toId="101">
</dataflow>
<dataflow id="375" from="coeff_load" to="tmp_4" fromId="98" toId="102">
</dataflow>
<dataflow id="376" from="coeff_load" to="tmp_4" fromId="98" toId="103">
</dataflow>
<dataflow id="377" from="coeff_load" to="tmp_4" fromId="98" toId="104">
</dataflow>
<dataflow id="378" from="data_in_load_phi" to="tmp_5" fromId="75" toId="105">
</dataflow>
<dataflow id="379" from="tmp_4" to="tmp_5" fromId="104" toId="105">
</dataflow>
<dataflow id="380" from="data_in_load_phi" to="tmp_5" fromId="75" toId="106">
</dataflow>
<dataflow id="381" from="tmp_4" to="tmp_5" fromId="104" toId="106">
</dataflow>
<dataflow id="382" from="data_in_load_phi" to="tmp_5" fromId="75" toId="107">
</dataflow>
<dataflow id="383" from="tmp_4" to="tmp_5" fromId="104" toId="107">
</dataflow>
<dataflow id="384" from="data_in_load_phi" to="tmp_5" fromId="75" toId="108">
</dataflow>
<dataflow id="385" from="tmp_4" to="tmp_5" fromId="104" toId="108">
</dataflow>
<dataflow id="386" from="data_in_load_phi" to="tmp_5" fromId="75" toId="109">
</dataflow>
<dataflow id="387" from="tmp_4" to="tmp_5" fromId="104" toId="109">
</dataflow>
<dataflow id="388" from="data_in_load_phi" to="tmp_5" fromId="75" toId="110">
</dataflow>
<dataflow id="389" from="tmp_4" to="tmp_5" fromId="104" toId="110">
</dataflow>
<dataflow id="390" from="acc" to="acc_1" fromId="49" toId="111">
</dataflow>
<dataflow id="391" from="tmp_5" to="acc_1" fromId="110" toId="111">
</dataflow>
<dataflow id="392" from="acc" to="acc_1" fromId="49" toId="112">
</dataflow>
<dataflow id="393" from="tmp_5" to="acc_1" fromId="110" toId="112">
</dataflow>
<dataflow id="394" from="acc" to="acc_1" fromId="49" toId="113">
</dataflow>
<dataflow id="395" from="tmp_5" to="acc_1" fromId="110" toId="113">
</dataflow>
<dataflow id="396" from="acc" to="acc_1" fromId="49" toId="114">
</dataflow>
<dataflow id="397" from="tmp_5" to="acc_1" fromId="110" toId="114">
</dataflow>
<dataflow id="398" from="acc" to="acc_1" fromId="49" toId="115">
</dataflow>
<dataflow id="399" from="tmp_5" to="acc_1" fromId="110" toId="115">
</dataflow>
<dataflow id="400" from="coeff_addr" to="coeff_load_1" fromId="43" toId="117">
</dataflow>
<dataflow id="401" from="coeff_load_1" to="tmp_7" fromId="117" toId="118">
</dataflow>
<dataflow id="402" from="coeff_load_1" to="tmp_7" fromId="117" toId="119">
</dataflow>
<dataflow id="403" from="coeff_load_1" to="tmp_7" fromId="117" toId="120">
</dataflow>
<dataflow id="404" from="coeff_load_1" to="tmp_7" fromId="117" toId="121">
</dataflow>
<dataflow id="405" from="coeff_load_1" to="tmp_7" fromId="117" toId="122">
</dataflow>
<dataflow id="406" from="coeff_load_1" to="tmp_7" fromId="117" toId="123">
</dataflow>
<dataflow id="407" from="tmp_7" to="tmp_8" fromId="123" toId="124">
</dataflow>
<dataflow id="408" from="probe_in_read" to="tmp_8" fromId="42" toId="124">
</dataflow>
<dataflow id="409" from="tmp_7" to="tmp_8" fromId="123" toId="125">
</dataflow>
<dataflow id="410" from="probe_in_read" to="tmp_8" fromId="42" toId="125">
</dataflow>
<dataflow id="411" from="tmp_7" to="tmp_8" fromId="123" toId="126">
</dataflow>
<dataflow id="412" from="probe_in_read" to="tmp_8" fromId="42" toId="126">
</dataflow>
<dataflow id="413" from="tmp_7" to="tmp_8" fromId="123" toId="127">
</dataflow>
<dataflow id="414" from="probe_in_read" to="tmp_8" fromId="42" toId="127">
</dataflow>
<dataflow id="415" from="tmp_7" to="tmp_8" fromId="123" toId="128">
</dataflow>
<dataflow id="416" from="probe_in_read" to="tmp_8" fromId="42" toId="128">
</dataflow>
<dataflow id="417" from="tmp_7" to="tmp_8" fromId="123" toId="129">
</dataflow>
<dataflow id="418" from="probe_in_read" to="tmp_8" fromId="42" toId="129">
</dataflow>
<dataflow id="419" from="acc" to="acc_2" fromId="49" toId="130">
</dataflow>
<dataflow id="420" from="tmp_8" to="acc_2" fromId="129" toId="130">
</dataflow>
<dataflow id="421" from="acc" to="acc_2" fromId="49" toId="131">
</dataflow>
<dataflow id="422" from="tmp_8" to="acc_2" fromId="129" toId="131">
</dataflow>
<dataflow id="423" from="acc" to="acc_2" fromId="49" toId="132">
</dataflow>
<dataflow id="424" from="tmp_8" to="acc_2" fromId="129" toId="132">
</dataflow>
<dataflow id="425" from="acc" to="acc_2" fromId="49" toId="133">
</dataflow>
<dataflow id="426" from="tmp_8" to="acc_2" fromId="129" toId="133">
</dataflow>
<dataflow id="427" from="acc" to="acc_2" fromId="49" toId="134">
</dataflow>
<dataflow id="428" from="tmp_8" to="acc_2" fromId="129" toId="134">
</dataflow>
<dataflow id="430" from="_ssdm_op_Write.ap_vld.doubleP" to="StgValue_135" fromId="429" toId="135">
</dataflow>
<dataflow id="431" from="out_r" to="StgValue_135" fromId="186" toId="135">
</dataflow>
<dataflow id="432" from="acc_2" to="StgValue_135" fromId="134" toId="135">
</dataflow>
<dataflow id="433" from="tmp" to="StgValue_2" fromId="51" toId="2">
</dataflow>
<dataflow id="434" from="i" to="StgValue_2" fromId="50" toId="2">
</dataflow>
</dataflows>


</stg>
