<?xml version="1.0" encoding="utf-8"?>
<Messages>
	<Message severity="INFO" prefix="[SCHED 204-61]" key="SCHED_PIPELINING_STATUS_631" tag="SCHEDULE" content="Option &apos;relax_ii_for_timing&apos; is enabled, will increase II to preserve clock frequency constraints."/>
	<Message severity="INFO" prefix="[HLS 200-10]" key="HLS_10_1312" tag="" content="Analyzing design file &apos;LAB1_FIR/.settings/fir.c&apos; ..."/>
	<Message severity="INFO" prefix="[HLS 200-111]" key="HLS_111_965" tag="" content="Finished Linking Time (s): cpu = 00:00:04 ; elapsed = 00:00:04 . Memory (MB): peak = 446.203 ; gain = 0.191 ; free physical = 10732 ; free virtual = 15361"/>
	<Message severity="INFO" prefix="[HLS 200-111]" key="HLS_111_965" tag="" content="Finished Checking Pragmas Time (s): cpu = 00:00:04 ; elapsed = 00:00:04 . Memory (MB): peak = 446.203 ; gain = 0.191 ; free physical = 10732 ; free virtual = 15361"/>
	<Message severity="INFO" prefix="[HLS 200-10]" key="HLS_10_1467" tag="" content="Starting code transformations ..."/>
	<Message severity="INFO" prefix="[HLS 200-111]" key="HLS_111_965" tag="" content="Finished Standard Transforms Time (s): cpu = 00:00:05 ; elapsed = 00:00:05 . Memory (MB): peak = 446.203 ; gain = 0.191 ; free physical = 10728 ; free virtual = 15359"/>
	<Message severity="INFO" prefix="[HLS 200-10]" key="HLS_10_1472" tag="" content="Checking synthesizability ..."/>
	<Message severity="INFO" prefix="[HLS 200-111]" key="HLS_111_965" tag="" content="Finished Checking Synthesizability Time (s): cpu = 00:00:05 ; elapsed = 00:00:05 . Memory (MB): peak = 446.203 ; gain = 0.191 ; free physical = 10728 ; free virtual = 15359"/>
	<Message severity="INFO" prefix="[HLS 200-111]" key="HLS_111_965" tag="" content="Finished Pre-synthesis Time (s): cpu = 00:00:05 ; elapsed = 00:00:05 . Memory (MB): peak = 574.012 ; gain = 128.000 ; free physical = 10709 ; free virtual = 15339"/>
	<Message severity="INFO" prefix="[HLS 200-111]" key="HLS_111_965" tag="" content="Finished Architecture Synthesis Time (s): cpu = 00:00:05 ; elapsed = 00:00:05 . Memory (MB): peak = 574.012 ; gain = 128.000 ; free physical = 10716 ; free virtual = 15347"/>
	<Message severity="INFO" prefix="[HLS 200-10]" key="HLS_10_1317" tag="" content="Starting hardware synthesis ..."/>
	<Message severity="INFO" prefix="[HLS 200-10]" key="HLS_10_1385" tag="" content="Synthesizing &apos;fir&apos; ..."/>
	<Message severity="WARNING" prefix="[SYN 201-107]" key="SYN_PORT_NAME_ILLEGAL_593" tag="" content="Renaming port name &apos;fir/out&apos; to &apos;fir/out_r&apos; to avoid the conflict with HDL keywords or other object names."/>
	<Message severity="INFO" prefix="[HLS 200-10]" key="HLS_10_1477" tag="" content="----------------------------------------------------------------"/>
	<Message severity="INFO" prefix="[HLS 200-42]" key="HLS_42_1438" tag="" content="-- Implementing module &apos;fir&apos;"/>
	<Message severity="INFO" prefix="[HLS 200-10]" key="HLS_10_1478" tag="" content="----------------------------------------------------------------"/>
	<Message severity="INFO" prefix="[SCHED 204-11]" key="SCHED_SCHED_STATUS_597" tag="" content="Starting scheduling ..."/>
	<Message severity="INFO" prefix="[SCHED 204-11]" key="SCHED_SCHED_STATUS_596" tag="" content="Finished scheduling."/>
	<Message severity="INFO" prefix="[HLS 200-111]" key="HLS_111_966" tag="" content=" Elapsed time: 5.18 seconds; current allocated memory: 63.189 MB."/>
	<Message severity="INFO" prefix="[HLS 200-434]" key="HLS 200-434" tag="SDX" content="Only 0 loops out of a total 1 loops have been pipelined in this design."/>
	<Message severity="INFO" prefix="[BIND 205-100]" key="BIND_100_926" tag="" content="Starting micro-architecture generation ..."/>
	<Message severity="INFO" prefix="[BIND 205-101]" key="BIND_101_698" tag="" content="Performing variable lifetime analysis."/>
	<Message severity="INFO" prefix="[BIND 205-101]" key="BIND_101_697" tag="" content="Exploring resource sharing."/>
	<Message severity="INFO" prefix="[BIND 205-101]" key="BIND_101_693" tag="" content="Binding ..."/>
	<Message severity="INFO" prefix="[BIND 205-100]" key="BIND_100_925" tag="" content="Finished micro-architecture generation."/>
	<Message severity="INFO" prefix="[HLS 200-111]" key="HLS_111_966" tag="" content=" Elapsed time: 0.06 seconds; current allocated memory: 63.603 MB."/>
	<Message severity="INFO" prefix="[HLS 200-10]" key="HLS_10_1483" tag="" content="----------------------------------------------------------------"/>
	<Message severity="INFO" prefix="[HLS 200-10]" key="HLS_10_1484" tag="" content="-- Generating RTL for module &apos;fir&apos;"/>
	<Message severity="INFO" prefix="[HLS 200-10]" key="HLS_10_1485" tag="" content="----------------------------------------------------------------"/>
	<Message severity="INFO" prefix="[RTGEN 206-500]" key="PREPROC_IO_COMP_CONFLICT_1950" tag="" content="Setting interface mode on port &apos;fir/probe_in&apos; to &apos;ap_vld&apos;."/>
	<Message severity="INFO" prefix="[RTGEN 206-500]" key="PREPROC_IO_COMP_CONFLICT_1950" tag="" content="Setting interface mode on port &apos;fir/out_r&apos; to &apos;ap_vld&apos;."/>
	<Message severity="INFO" prefix="[RTGEN 206-500]" key="PREPROC_IO_COMP_CONFLICT_1950" tag="" content="Setting interface mode on port &apos;fir/coeff&apos; to &apos;ap_memory&apos;."/>
	<Message severity="INFO" prefix="[RTGEN 206-500]" key="PREPROC_IO_COMP_CONFLICT_1950" tag="" content="Setting interface mode on function &apos;fir&apos; to &apos;ap_ctrl_hs&apos;."/>
	<Message severity="INFO" prefix="[RTGEN 206-100]" key="RTGEN_100_855" tag="" content="Generating core module &apos;fir_dadd_64ns_64ns_64_5_full_dsp_1&apos;: 1 instance(s)."/>
	<Message severity="INFO" prefix="[RTGEN 206-100]" key="RTGEN_100_855" tag="" content="Generating core module &apos;fir_dmul_64ns_64ns_64_6_max_dsp_1&apos;: 1 instance(s)."/>
	<Message severity="INFO" prefix="[RTGEN 206-100]" key="RTGEN_100_855" tag="" content="Generating core module &apos;fir_sitodp_32ns_64_6_1&apos;: 1 instance(s)."/>
	<Message severity="INFO" prefix="[RTGEN 206-100]" key="RTGEN_100_856" tag="" content="Finished creating RTL model for &apos;fir&apos;."/>
	<Message severity="INFO" prefix="[HLS 200-111]" key="HLS_111_966" tag="" content=" Elapsed time: 0.06 seconds; current allocated memory: 64.221 MB."/>
	<Message severity="INFO" prefix="[RTMG 210-278]" key="RTMG_278_1792" tag="" content="Implementing memory &apos;fir_data_in_ram (RAM)&apos; using distributed RAMs with power-on initialization."/>
	<Message severity="INFO" prefix="[HLS 200-111]" key="HLS_111_965" tag="" content="Finished generating all RTL models Time (s): cpu = 00:00:06 ; elapsed = 00:00:06 . Memory (MB): peak = 574.566 ; gain = 128.555 ; free physical = 10704 ; free virtual = 15339"/>
	<Message severity="INFO" prefix="[SYSC 207-301]" key="SYSC_301_1065" tag="" content="Generating SystemC RTL for fir."/>
	<Message severity="INFO" prefix="[VHDL 208-304]" key="VHDL_304_1066" tag="" content="Generating VHDL RTL for fir."/>
	<Message severity="INFO" prefix="[VLOG 209-307]" key="VLOG_307_1067" tag="" content="Generating Verilog RTL for fir."/>
	<Message severity="INFO" prefix="[HLS 200-112]" key="HLS_112_964" tag="" content="Total elapsed time: 5.91 seconds; peak allocated memory: 64.221 MB."/>
</Messages>
