<annotationInfo>
<item  id="18" filename="LAB1_FIR/.settings/fir.c" linenumber="15" name="tmp" contextFuncName="fir" moduleName="fir" rtlName="tmp_fu_161_p2" latency="0" BRAM="-1" DSP="-1" FF="0" LUT="9" fileDirectory="/home/lsriw/HLS_STANISZ/HLS"><\/item>
<item  id="23" filename="LAB1_FIR/.settings/fir.c" linenumber="17" name="i_1" contextFuncName="fir" moduleName="fir" rtlName="i_1_fu_167_p2" latency="0" BRAM="-1" DSP="-1" FF="0" LUT="13" fileDirectory="/home/lsriw/HLS_STANISZ/HLS"><\/item>
<item  id="24" filename="LAB1_FIR/.settings/fir.c" linenumber="17" name="tmp_2" contextFuncName="fir" moduleName="fir" rtlName="tmp_2_fu_173_p1" latency="0" BRAM="-1" DSP="-1" FF="-1" LUT="-1" fileDirectory="/home/lsriw/HLS_STANISZ/HLS"><\/item>
<item  id="27" filename="LAB1_FIR/.settings/fir.c" linenumber="17" name="tmp_3" contextFuncName="fir" moduleName="fir" rtlName="tmp_3_fu_178_p1" latency="0" BRAM="-1" DSP="-1" FF="-1" LUT="-1" fileDirectory="/home/lsriw/HLS_STANISZ/HLS"><\/item>
<item  id="32" filename="LAB1_FIR/.settings/fir.c" linenumber="18" name="tmp_4" contextFuncName="fir" moduleName="fir" rtlName="fir_sitodp_32ns_64_6_1_U3" latency="5" BRAM="-1" DSP="-1" FF="-1" LUT="-1" fileDirectory="/home/lsriw/HLS_STANISZ/HLS"><\/item>
<item  id="33" filename="LAB1_FIR/.settings/fir.c" linenumber="18" name="tmp_5" contextFuncName="fir" moduleName="fir" rtlName="fir_dmul_64ns_64ns_64_6_max_dsp_1_U2" latency="5" BRAM="-1" DSP="-1" FF="-1" LUT="-1" fileDirectory="/home/lsriw/HLS_STANISZ/HLS"><\/item>
<item  id="34" filename="LAB1_FIR/.settings/fir.c" linenumber="18" name="acc_1" contextFuncName="fir" moduleName="fir" rtlName="fir_dadd_64ns_64ns_64_5_full_dsp_1_U1" latency="4" BRAM="-1" DSP="-1" FF="-1" LUT="-1" fileDirectory="/home/lsriw/HLS_STANISZ/HLS"><\/item>
<item  id="39" filename="LAB1_FIR/.settings/fir.c" linenumber="21" name="tmp_7" contextFuncName="fir" moduleName="fir" rtlName="fir_sitodp_32ns_64_6_1_U3" latency="5" BRAM="-1" DSP="-1" FF="-1" LUT="-1" fileDirectory="/home/lsriw/HLS_STANISZ/HLS"><\/item>
<item  id="40" filename="LAB1_FIR/.settings/fir.c" linenumber="21" name="tmp_8" contextFuncName="fir" moduleName="fir" rtlName="fir_dmul_64ns_64ns_64_6_max_dsp_1_U2" latency="5" BRAM="-1" DSP="-1" FF="-1" LUT="-1" fileDirectory="/home/lsriw/HLS_STANISZ/HLS"><\/item>
<item  id="41" filename="LAB1_FIR/.settings/fir.c" linenumber="21" name="acc_2" contextFuncName="fir" moduleName="fir" rtlName="fir_dadd_64ns_64ns_64_5_full_dsp_1_U1" latency="4" BRAM="-1" DSP="-1" FF="-1" LUT="-1" fileDirectory="/home/lsriw/HLS_STANISZ/HLS"><\/item>
</annotationInfo>
