<stg><name>fir</name>


<trans_list>

<trans id="106" from="1" to="2">
<condition id="-1">
<or_exp><and_exp></and_exp></or_exp>
</condition>
</trans>

<trans id="107" from="2" to="3">
<condition id="-1">
<or_exp><and_exp><literal name="tmp" val="0"/>
</and_exp></or_exp>
</condition>
</trans>

<trans id="108" from="2" to="21">
<condition id="-1">
<or_exp><and_exp><literal name="tmp" val="1"/>
</and_exp></or_exp>
</condition>
</trans>

<trans id="110" from="3" to="4">
<condition id="-1">
<or_exp><and_exp></and_exp></or_exp>
</condition>
</trans>

<trans id="111" from="4" to="5">
<condition id="-1">
<or_exp><and_exp></and_exp></or_exp>
</condition>
</trans>

<trans id="112" from="5" to="6">
<condition id="-1">
<or_exp><and_exp></and_exp></or_exp>
</condition>
</trans>

<trans id="113" from="6" to="7">
<condition id="-1">
<or_exp><and_exp></and_exp></or_exp>
</condition>
</trans>

<trans id="114" from="7" to="8">
<condition id="-1">
<or_exp><and_exp></and_exp></or_exp>
</condition>
</trans>

<trans id="115" from="8" to="9">
<condition id="-1">
<or_exp><and_exp></and_exp></or_exp>
</condition>
</trans>

<trans id="116" from="9" to="10">
<condition id="-1">
<or_exp><and_exp></and_exp></or_exp>
</condition>
</trans>

<trans id="117" from="10" to="11">
<condition id="-1">
<or_exp><and_exp></and_exp></or_exp>
</condition>
</trans>

<trans id="118" from="11" to="12">
<condition id="-1">
<or_exp><and_exp></and_exp></or_exp>
</condition>
</trans>

<trans id="119" from="12" to="13">
<condition id="-1">
<or_exp><and_exp></and_exp></or_exp>
</condition>
</trans>

<trans id="120" from="13" to="14">
<condition id="-1">
<or_exp><and_exp></and_exp></or_exp>
</condition>
</trans>

<trans id="121" from="14" to="15">
<condition id="-1">
<or_exp><and_exp></and_exp></or_exp>
</condition>
</trans>

<trans id="122" from="15" to="16">
<condition id="-1">
<or_exp><and_exp></and_exp></or_exp>
</condition>
</trans>

<trans id="123" from="16" to="17">
<condition id="-1">
<or_exp><and_exp></and_exp></or_exp>
</condition>
</trans>

<trans id="124" from="17" to="18">
<condition id="-1">
<or_exp><and_exp></and_exp></or_exp>
</condition>
</trans>

<trans id="125" from="18" to="19">
<condition id="-1">
<or_exp><and_exp></and_exp></or_exp>
</condition>
</trans>

<trans id="126" from="19" to="20">
<condition id="-1">
<or_exp><and_exp></and_exp></or_exp>
</condition>
</trans>

<trans id="127" from="20" to="2">
<condition id="-1">
<or_exp><and_exp></and_exp></or_exp>
</condition>
</trans>

<trans id="129" from="21" to="22">
<condition id="-1">
<or_exp><and_exp></and_exp></or_exp>
</condition>
</trans>

<trans id="130" from="22" to="23">
<condition id="-1">
<or_exp><and_exp></and_exp></or_exp>
</condition>
</trans>

<trans id="131" from="23" to="24">
<condition id="-1">
<or_exp><and_exp></and_exp></or_exp>
</condition>
</trans>

<trans id="132" from="24" to="25">
<condition id="-1">
<or_exp><and_exp></and_exp></or_exp>
</condition>
</trans>

<trans id="133" from="25" to="26">
<condition id="-1">
<or_exp><and_exp></and_exp></or_exp>
</condition>
</trans>

<trans id="134" from="26" to="27">
<condition id="-1">
<or_exp><and_exp></and_exp></or_exp>
</condition>
</trans>

<trans id="135" from="27" to="28">
<condition id="-1">
<or_exp><and_exp></and_exp></or_exp>
</condition>
</trans>

<trans id="136" from="28" to="29">
<condition id="-1">
<or_exp><and_exp></and_exp></or_exp>
</condition>
</trans>

<trans id="137" from="29" to="30">
<condition id="-1">
<or_exp><and_exp></and_exp></or_exp>
</condition>
</trans>

<trans id="138" from="30" to="31">
<condition id="-1">
<or_exp><and_exp></and_exp></or_exp>
</condition>
</trans>

<trans id="139" from="31" to="32">
<condition id="-1">
<or_exp><and_exp></and_exp></or_exp>
</condition>
</trans>

<trans id="140" from="32" to="33">
<condition id="-1">
<or_exp><and_exp></and_exp></or_exp>
</condition>
</trans>

<trans id="141" from="33" to="34">
<condition id="-1">
<or_exp><and_exp></and_exp></or_exp>
</condition>
</trans>

<trans id="142" from="34" to="35">
<condition id="-1">
<or_exp><and_exp></and_exp></or_exp>
</condition>
</trans>

<trans id="143" from="35" to="36">
<condition id="-1">
<or_exp><and_exp></and_exp></or_exp>
</condition>
</trans>

<trans id="144" from="36" to="37">
<condition id="-1">
<or_exp><and_exp></and_exp></or_exp>
</condition>
</trans>

<trans id="145" from="37" to="38">
<condition id="-1">
<or_exp><and_exp></and_exp></or_exp>
</condition>
</trans>
</trans_list>



<state_list>

<state id="1" st_id="1">

<operation id="39" st_id="1" stage="1" lat="1">
<core>NULL</core>
<MemPortIdVec></MemPortIdVec>
<condition id="-1">
<or_exp><and_exp></and_exp></or_exp>
</condition>

<Node id="5" bw="0" op_0_bw="0" op_1_bw="64">
<![CDATA[
:0  call void (...)* @_ssdm_op_SpecBitsMap(double %probe_in) nounwind, !map !7

]]></Node>
<StgValue><ssdm name=""/></StgValue>
</operation>

<operation id="40" st_id="1" stage="1" lat="1">
<core>NULL</core>
<MemPortIdVec></MemPortIdVec>
<condition id="-1">
<or_exp><and_exp></and_exp></or_exp>
</condition>

<Node id="6" bw="0" op_0_bw="0" op_1_bw="64">
<![CDATA[
:1  call void (...)* @_ssdm_op_SpecBitsMap(double* %out_r) nounwind, !map !13

]]></Node>
<StgValue><ssdm name=""/></StgValue>
</operation>

<operation id="41" st_id="1" stage="1" lat="1">
<core>NULL</core>
<MemPortIdVec></MemPortIdVec>
<condition id="-1">
<or_exp><and_exp></and_exp></or_exp>
</condition>

<Node id="7" bw="0" op_0_bw="0" op_1_bw="32">
<![CDATA[
:2  call void (...)* @_ssdm_op_SpecBitsMap([10 x i32]* %coeff) nounwind, !map !19

]]></Node>
<StgValue><ssdm name=""/></StgValue>
</operation>

<operation id="42" st_id="1" stage="1" lat="1">
<core>NULL</core>
<MemPortIdVec></MemPortIdVec>
<condition id="-1">
<or_exp><and_exp></and_exp></or_exp>
</condition>

<Node id="8" bw="64" op_0_bw="64" op_1_bw="64">
<![CDATA[
:3  %probe_in_read = call double @_ssdm_op_Read.ap_vld.double(double %probe_in) nounwind

]]></Node>
<StgValue><ssdm name="probe_in_read"/></StgValue>
</operation>

<operation id="43" st_id="1" stage="1" lat="1">
<core>NULL</core>
<MemPortIdVec></MemPortIdVec>
<condition id="-1">
<or_exp><and_exp></and_exp></or_exp>
</condition>

<Node id="9" bw="4" op_0_bw="32" op_1_bw="64" op_2_bw="64">
<![CDATA[
:4  %coeff_addr = getelementptr [10 x i32]* %coeff, i64 0, i64 0

]]></Node>
<StgValue><ssdm name="coeff_addr"/></StgValue>
</operation>

<operation id="44" st_id="1" stage="1" lat="1">
<core>NULL</core>
<MemPortIdVec></MemPortIdVec>
<condition id="-1">
<or_exp><and_exp></and_exp></or_exp>
</condition>

<Node id="10" bw="0" op_0_bw="0" op_1_bw="0">
<![CDATA[
:5  call void (...)* @_ssdm_op_SpecTopModule([4 x i8]* @fir_str) nounwind

]]></Node>
<StgValue><ssdm name=""/></StgValue>
</operation>

<operation id="45" st_id="1" stage="1" lat="1">
<core>NULL</core>
<MemPortIdVec></MemPortIdVec>
<condition id="-1">
<or_exp><and_exp></and_exp></or_exp>
</condition>

<Node id="11" bw="0" op_0_bw="0" op_1_bw="32" op_2_bw="0" op_3_bw="0" op_4_bw="0" op_5_bw="32" op_6_bw="0" op_7_bw="0" op_8_bw="0" op_9_bw="0" op_10_bw="0">
<![CDATA[
:6  call void (...)* @_ssdm_op_SpecMemCore([10 x i32]* %coeff, [1 x i8]* @p_str, [12 x i8]* @p_str1, [1 x i8]* @p_str, i32 -1, [1 x i8]* @p_str, [1 x i8]* @p_str, [1 x i8]* @p_str, [1 x i8]* @p_str, [1 x i8]* @p_str) nounwind

]]></Node>
<StgValue><ssdm name=""/></StgValue>
</operation>

<operation id="46" st_id="1" stage="1" lat="1">
<core>NULL</core>
<MemPortIdVec></MemPortIdVec>
<condition id="-1">
<or_exp><and_exp></and_exp></or_exp>
</condition>

<Node id="12" bw="0" op_0_bw="0" op_1_bw="64" op_2_bw="0" op_3_bw="32" op_4_bw="32" op_5_bw="0" op_6_bw="32" op_7_bw="32" op_8_bw="0" op_9_bw="0" op_10_bw="0" op_11_bw="32" op_12_bw="32" op_13_bw="32" op_14_bw="32" op_15_bw="0" op_16_bw="0">
<![CDATA[
:7  call void (...)* @_ssdm_op_SpecInterface(double* %out_r, [7 x i8]* @p_str2, i32 0, i32 0, [1 x i8]* @p_str, i32 0, i32 0, [1 x i8]* @p_str, [1 x i8]* @p_str, [1 x i8]* @p_str, i32 0, i32 0, i32 0, i32 0, [1 x i8]* @p_str, [1 x i8]* @p_str) nounwind

]]></Node>
<StgValue><ssdm name=""/></StgValue>
</operation>

<operation id="47" st_id="1" stage="1" lat="1">
<core>NULL</core>
<MemPortIdVec></MemPortIdVec>
<condition id="-1">
<or_exp><and_exp></and_exp></or_exp>
</condition>

<Node id="13" bw="0" op_0_bw="0" op_1_bw="64" op_2_bw="0" op_3_bw="32" op_4_bw="32" op_5_bw="0" op_6_bw="32" op_7_bw="32" op_8_bw="0" op_9_bw="0" op_10_bw="0" op_11_bw="32" op_12_bw="32" op_13_bw="32" op_14_bw="32" op_15_bw="0" op_16_bw="0">
<![CDATA[
:8  call void (...)* @_ssdm_op_SpecInterface(double %probe_in, [7 x i8]* @p_str2, i32 0, i32 0, [1 x i8]* @p_str, i32 0, i32 0, [1 x i8]* @p_str, [1 x i8]* @p_str, [1 x i8]* @p_str, i32 0, i32 0, i32 0, i32 0, [1 x i8]* @p_str, [1 x i8]* @p_str) nounwind

]]></Node>
<StgValue><ssdm name=""/></StgValue>
</operation>

<operation id="48" st_id="1" stage="1" lat="1">
<core>NULL</core>
<MemPortIdVec></MemPortIdVec>
<condition id="-1">
<or_exp><and_exp></and_exp></or_exp>
</condition>

<Node id="14" bw="0" op_0_bw="0">
<![CDATA[
:9  br label %1

]]></Node>
<StgValue><ssdm name=""/></StgValue>
</operation>
</state>

<state id="2" st_id="2">

<operation id="49" st_id="2" stage="1" lat="1">
<core>NULL</core>
<MemPortIdVec></MemPortIdVec>
<condition id="-1">
<or_exp><and_exp></and_exp></or_exp>
</condition>

<Node id="16" bw="64" op_0_bw="64" op_1_bw="0">
<![CDATA[
:0  %acc = phi double [ 0.000000e+00, %0 ], [ %acc_1, %2 ]

]]></Node>
<StgValue><ssdm name="acc"/></StgValue>
</operation>

<operation id="50" st_id="2" stage="1" lat="1">
<core>NULL</core>
<MemPortIdVec></MemPortIdVec>
<condition id="-1">
<or_exp><and_exp></and_exp></or_exp>
</condition>

<Node id="17" bw="4" op_0_bw="4" op_1_bw="0">
<![CDATA[
:1  %i = phi i4 [ -7, %0 ], [ %i_1, %2 ]

]]></Node>
<StgValue><ssdm name="i"/></StgValue>
</operation>

<operation id="51" st_id="2" stage="1" lat="1">
<core>Cmp</core>
<MemPortIdVec></MemPortIdVec>
<condition id="-1">
<or_exp><and_exp></and_exp></or_exp>
</condition>

<Node id="18" bw="1" op_0_bw="4" op_1_bw="4">
<![CDATA[
:2  %tmp = icmp eq i4 %i, 0

]]></Node>
<StgValue><ssdm name="tmp"/></StgValue>
</operation>

<operation id="52" st_id="2" stage="1" lat="1">
<core>NULL</core>
<MemPortIdVec></MemPortIdVec>
<condition id="-1">
<or_exp><and_exp></and_exp></or_exp>
</condition>

<Node id="19" bw="32" op_0_bw="32" op_1_bw="64" op_2_bw="64" op_3_bw="64">
<![CDATA[
:3  %empty = call i32 (...)* @_ssdm_op_SpecLoopTripCount(i64 9, i64 9, i64 9) nounwind

]]></Node>
<StgValue><ssdm name="empty"/></StgValue>
</operation>

<operation id="53" st_id="2" stage="1" lat="1">
<core>NULL</core>
<MemPortIdVec></MemPortIdVec>
<condition id="-1">
<or_exp><and_exp></and_exp></or_exp>
</condition>

<Node id="20" bw="0" op_0_bw="1" op_1_bw="0" op_2_bw="0">
<![CDATA[
:4  br i1 %tmp, label %3, label %2

]]></Node>
<StgValue><ssdm name=""/></StgValue>
</operation>

<operation id="54" st_id="2" stage="1" lat="1">
<core>AddSub</core>
<MemPortIdVec></MemPortIdVec>
<condition id="-1">
<or_exp><and_exp><literal name="tmp" val="0"/>
</and_exp></or_exp>
</condition>

<Node id="23" bw="4" op_0_bw="4" op_1_bw="4">
<![CDATA[
:1  %i_1 = add i4 %i, -1

]]></Node>
<StgValue><ssdm name="i_1"/></StgValue>
</operation>

<operation id="55" st_id="2" stage="1" lat="1">
<core>NULL</core>
<MemPortIdVec></MemPortIdVec>
<condition id="-1">
<or_exp><and_exp><literal name="tmp" val="0"/>
</and_exp></or_exp>
</condition>

<Node id="24" bw="64" op_0_bw="4">
<![CDATA[
:2  %tmp_2 = zext i4 %i_1 to i64

]]></Node>
<StgValue><ssdm name="tmp_2"/></StgValue>
</operation>

<operation id="56" st_id="2" stage="1" lat="1">
<core>NULL</core>
<MemPortIdVec></MemPortIdVec>
<condition id="-1">
<or_exp><and_exp><literal name="tmp" val="0"/>
</and_exp></or_exp>
</condition>

<Node id="25" bw="4" op_0_bw="64" op_1_bw="64" op_2_bw="64">
<![CDATA[
:3  %data_in_addr = getelementptr inbounds [10 x double]* @data_in, i64 0, i64 %tmp_2

]]></Node>
<StgValue><ssdm name="data_in_addr"/></StgValue>
</operation>

<operation id="57" st_id="2" stage="2" lat="2">
<core>RAM</core>
<MemPortIdVec>0 </MemPortIdVec>
<condition id="-1">
<or_exp><and_exp><literal name="tmp" val="0"/>
</and_exp></or_exp>
</condition>

<Node id="26" bw="64" op_0_bw="4">
<![CDATA[
:4  %data_in_load = load double* %data_in_addr, align 8

]]></Node>
<StgValue><ssdm name="data_in_load"/></StgValue>
</operation>

<operation id="58" st_id="2" stage="1" lat="1">
<core>NULL</core>
<MemPortIdVec></MemPortIdVec>
<condition id="-1">
<or_exp><and_exp><literal name="tmp" val="0"/>
</and_exp></or_exp>
</condition>

<Node id="27" bw="64" op_0_bw="4">
<![CDATA[
:5  %tmp_3 = zext i4 %i to i64

]]></Node>
<StgValue><ssdm name="tmp_3"/></StgValue>
</operation>

<operation id="59" st_id="2" stage="1" lat="1">
<core>NULL</core>
<MemPortIdVec></MemPortIdVec>
<condition id="-1">
<or_exp><and_exp><literal name="tmp" val="0"/>
</and_exp></or_exp>
</condition>

<Node id="30" bw="4" op_0_bw="32" op_1_bw="64" op_2_bw="64">
<![CDATA[
:8  %coeff_addr_1 = getelementptr [10 x i32]* %coeff, i64 0, i64 %tmp_3

]]></Node>
<StgValue><ssdm name="coeff_addr_1"/></StgValue>
</operation>

<operation id="60" st_id="2" stage="2" lat="2">
<core>RAM_1P_BRAM</core>
<MemPortIdVec>0 </MemPortIdVec>
<condition id="-1">
<or_exp><and_exp><literal name="tmp" val="0"/>
</and_exp></or_exp>
</condition>

<Node id="31" bw="32" op_0_bw="4">
<![CDATA[
:9  %coeff_load = load i32* %coeff_addr_1, align 4

]]></Node>
<StgValue><ssdm name="coeff_load"/></StgValue>
</operation>

<operation id="61" st_id="2" stage="2" lat="2">
<core>RAM_1P_BRAM</core>
<MemPortIdVec>0 </MemPortIdVec>
<condition id="-1">
<or_exp><and_exp><literal name="tmp" val="1"/>
</and_exp></or_exp>
</condition>

<Node id="38" bw="32" op_0_bw="4">
<![CDATA[
:1  %coeff_load_1 = load i32* %coeff_addr, align 4

]]></Node>
<StgValue><ssdm name="coeff_load_1"/></StgValue>
</operation>
</state>

<state id="3" st_id="3">

<operation id="62" st_id="3" stage="1" lat="2">
<core>RAM</core>
<MemPortIdVec>0 </MemPortIdVec>
<condition id="-1">
<or_exp><and_exp></and_exp></or_exp>
</condition>

<Node id="26" bw="64" op_0_bw="4">
<![CDATA[
:4  %data_in_load = load double* %data_in_addr, align 8

]]></Node>
<StgValue><ssdm name="data_in_load"/></StgValue>
</operation>

<operation id="63" st_id="3" stage="1" lat="1">
<core>NULL</core>
<MemPortIdVec></MemPortIdVec>
<condition id="-1">
<or_exp><and_exp></and_exp></or_exp>
</condition>

<Node id="28" bw="4" op_0_bw="64" op_1_bw="64" op_2_bw="64">
<![CDATA[
:6  %data_in_addr_1 = getelementptr inbounds [10 x double]* @data_in, i64 0, i64 %tmp_3

]]></Node>
<StgValue><ssdm name="data_in_addr_1"/></StgValue>
</operation>

<operation id="64" st_id="3" stage="1" lat="1">
<core>RAM</core>
<MemPortIdVec>0 </MemPortIdVec>
<condition id="-1">
<or_exp><and_exp></and_exp></or_exp>
</condition>

<Node id="29" bw="0" op_0_bw="64" op_1_bw="4">
<![CDATA[
:7  store double %data_in_load, double* %data_in_addr_1, align 8

]]></Node>
<StgValue><ssdm name=""/></StgValue>
</operation>

<operation id="65" st_id="3" stage="1" lat="2">
<core>RAM_1P_BRAM</core>
<MemPortIdVec>0 </MemPortIdVec>
<condition id="-1">
<or_exp><and_exp></and_exp></or_exp>
</condition>

<Node id="31" bw="32" op_0_bw="4">
<![CDATA[
:9  %coeff_load = load i32* %coeff_addr_1, align 4

]]></Node>
<StgValue><ssdm name="coeff_load"/></StgValue>
</operation>
</state>

<state id="4" st_id="4">

<operation id="66" st_id="4" stage="6" lat="6">
<core>Int2Double</core>
<MemPortIdVec></MemPortIdVec>
<condition id="-1">
<or_exp><and_exp></and_exp></or_exp>
</condition>

<Node id="32" bw="64" op_0_bw="32">
<![CDATA[
:10  %tmp_4 = sitofp i32 %coeff_load to double

]]></Node>
<StgValue><ssdm name="tmp_4"/></StgValue>
</operation>
</state>

<state id="5" st_id="5">

<operation id="67" st_id="5" stage="5" lat="6">
<core>Int2Double</core>
<MemPortIdVec></MemPortIdVec>
<condition id="-1">
<or_exp><and_exp></and_exp></or_exp>
</condition>

<Node id="32" bw="64" op_0_bw="32">
<![CDATA[
:10  %tmp_4 = sitofp i32 %coeff_load to double

]]></Node>
<StgValue><ssdm name="tmp_4"/></StgValue>
</operation>
</state>

<state id="6" st_id="6">

<operation id="68" st_id="6" stage="4" lat="6">
<core>Int2Double</core>
<MemPortIdVec></MemPortIdVec>
<condition id="-1">
<or_exp><and_exp></and_exp></or_exp>
</condition>

<Node id="32" bw="64" op_0_bw="32">
<![CDATA[
:10  %tmp_4 = sitofp i32 %coeff_load to double

]]></Node>
<StgValue><ssdm name="tmp_4"/></StgValue>
</operation>
</state>

<state id="7" st_id="7">

<operation id="69" st_id="7" stage="3" lat="6">
<core>Int2Double</core>
<MemPortIdVec></MemPortIdVec>
<condition id="-1">
<or_exp><and_exp></and_exp></or_exp>
</condition>

<Node id="32" bw="64" op_0_bw="32">
<![CDATA[
:10  %tmp_4 = sitofp i32 %coeff_load to double

]]></Node>
<StgValue><ssdm name="tmp_4"/></StgValue>
</operation>
</state>

<state id="8" st_id="8">

<operation id="70" st_id="8" stage="2" lat="6">
<core>Int2Double</core>
<MemPortIdVec></MemPortIdVec>
<condition id="-1">
<or_exp><and_exp></and_exp></or_exp>
</condition>

<Node id="32" bw="64" op_0_bw="32">
<![CDATA[
:10  %tmp_4 = sitofp i32 %coeff_load to double

]]></Node>
<StgValue><ssdm name="tmp_4"/></StgValue>
</operation>
</state>

<state id="9" st_id="9">

<operation id="71" st_id="9" stage="1" lat="6">
<core>Int2Double</core>
<MemPortIdVec></MemPortIdVec>
<condition id="-1">
<or_exp><and_exp></and_exp></or_exp>
</condition>

<Node id="32" bw="64" op_0_bw="32">
<![CDATA[
:10  %tmp_4 = sitofp i32 %coeff_load to double

]]></Node>
<StgValue><ssdm name="tmp_4"/></StgValue>
</operation>
</state>

<state id="10" st_id="10">

<operation id="72" st_id="10" stage="6" lat="6">
<core>DMul</core>
<MemPortIdVec></MemPortIdVec>
<condition id="-1">
<or_exp><and_exp></and_exp></or_exp>
</condition>

<Node id="33" bw="64" op_0_bw="64" op_1_bw="64">
<![CDATA[
:11  %tmp_5 = fmul double %data_in_load, %tmp_4

]]></Node>
<StgValue><ssdm name="tmp_5"/></StgValue>
</operation>
</state>

<state id="11" st_id="11">

<operation id="73" st_id="11" stage="5" lat="6">
<core>DMul</core>
<MemPortIdVec></MemPortIdVec>
<condition id="-1">
<or_exp><and_exp></and_exp></or_exp>
</condition>

<Node id="33" bw="64" op_0_bw="64" op_1_bw="64">
<![CDATA[
:11  %tmp_5 = fmul double %data_in_load, %tmp_4

]]></Node>
<StgValue><ssdm name="tmp_5"/></StgValue>
</operation>
</state>

<state id="12" st_id="12">

<operation id="74" st_id="12" stage="4" lat="6">
<core>DMul</core>
<MemPortIdVec></MemPortIdVec>
<condition id="-1">
<or_exp><and_exp></and_exp></or_exp>
</condition>

<Node id="33" bw="64" op_0_bw="64" op_1_bw="64">
<![CDATA[
:11  %tmp_5 = fmul double %data_in_load, %tmp_4

]]></Node>
<StgValue><ssdm name="tmp_5"/></StgValue>
</operation>
</state>

<state id="13" st_id="13">

<operation id="75" st_id="13" stage="3" lat="6">
<core>DMul</core>
<MemPortIdVec></MemPortIdVec>
<condition id="-1">
<or_exp><and_exp></and_exp></or_exp>
</condition>

<Node id="33" bw="64" op_0_bw="64" op_1_bw="64">
<![CDATA[
:11  %tmp_5 = fmul double %data_in_load, %tmp_4

]]></Node>
<StgValue><ssdm name="tmp_5"/></StgValue>
</operation>
</state>

<state id="14" st_id="14">

<operation id="76" st_id="14" stage="2" lat="6">
<core>DMul</core>
<MemPortIdVec></MemPortIdVec>
<condition id="-1">
<or_exp><and_exp></and_exp></or_exp>
</condition>

<Node id="33" bw="64" op_0_bw="64" op_1_bw="64">
<![CDATA[
:11  %tmp_5 = fmul double %data_in_load, %tmp_4

]]></Node>
<StgValue><ssdm name="tmp_5"/></StgValue>
</operation>
</state>

<state id="15" st_id="15">

<operation id="77" st_id="15" stage="1" lat="6">
<core>DMul</core>
<MemPortIdVec></MemPortIdVec>
<condition id="-1">
<or_exp><and_exp></and_exp></or_exp>
</condition>

<Node id="33" bw="64" op_0_bw="64" op_1_bw="64">
<![CDATA[
:11  %tmp_5 = fmul double %data_in_load, %tmp_4

]]></Node>
<StgValue><ssdm name="tmp_5"/></StgValue>
</operation>
</state>

<state id="16" st_id="16">

<operation id="78" st_id="16" stage="5" lat="5">
<core>DAddSub</core>
<MemPortIdVec></MemPortIdVec>
<condition id="-1">
<or_exp><and_exp></and_exp></or_exp>
</condition>

<Node id="34" bw="64" op_0_bw="64" op_1_bw="64">
<![CDATA[
:12  %acc_1 = fadd double %acc, %tmp_5

]]></Node>
<StgValue><ssdm name="acc_1"/></StgValue>
</operation>
</state>

<state id="17" st_id="17">

<operation id="79" st_id="17" stage="4" lat="5">
<core>DAddSub</core>
<MemPortIdVec></MemPortIdVec>
<condition id="-1">
<or_exp><and_exp></and_exp></or_exp>
</condition>

<Node id="34" bw="64" op_0_bw="64" op_1_bw="64">
<![CDATA[
:12  %acc_1 = fadd double %acc, %tmp_5

]]></Node>
<StgValue><ssdm name="acc_1"/></StgValue>
</operation>
</state>

<state id="18" st_id="18">

<operation id="80" st_id="18" stage="3" lat="5">
<core>DAddSub</core>
<MemPortIdVec></MemPortIdVec>
<condition id="-1">
<or_exp><and_exp></and_exp></or_exp>
</condition>

<Node id="34" bw="64" op_0_bw="64" op_1_bw="64">
<![CDATA[
:12  %acc_1 = fadd double %acc, %tmp_5

]]></Node>
<StgValue><ssdm name="acc_1"/></StgValue>
</operation>
</state>

<state id="19" st_id="19">

<operation id="81" st_id="19" stage="2" lat="5">
<core>DAddSub</core>
<MemPortIdVec></MemPortIdVec>
<condition id="-1">
<or_exp><and_exp></and_exp></or_exp>
</condition>

<Node id="34" bw="64" op_0_bw="64" op_1_bw="64">
<![CDATA[
:12  %acc_1 = fadd double %acc, %tmp_5

]]></Node>
<StgValue><ssdm name="acc_1"/></StgValue>
</operation>
</state>

<state id="20" st_id="20">

<operation id="82" st_id="20" stage="1" lat="1">
<core>NULL</core>
<MemPortIdVec></MemPortIdVec>
<condition id="-1">
<or_exp><and_exp></and_exp></or_exp>
</condition>

<Node id="22" bw="0" op_0_bw="0" op_1_bw="0">
<![CDATA[
:0  call void (...)* @_ssdm_op_SpecLoopName([12 x i8]* @p_str3) nounwind

]]></Node>
<StgValue><ssdm name=""/></StgValue>
</operation>

<operation id="83" st_id="20" stage="1" lat="5">
<core>DAddSub</core>
<MemPortIdVec></MemPortIdVec>
<condition id="-1">
<or_exp><and_exp></and_exp></or_exp>
</condition>

<Node id="34" bw="64" op_0_bw="64" op_1_bw="64">
<![CDATA[
:12  %acc_1 = fadd double %acc, %tmp_5

]]></Node>
<StgValue><ssdm name="acc_1"/></StgValue>
</operation>

<operation id="84" st_id="20" stage="1" lat="1">
<core>NULL</core>
<MemPortIdVec></MemPortIdVec>
<condition id="-1">
<or_exp><and_exp></and_exp></or_exp>
</condition>

<Node id="35" bw="0" op_0_bw="0">
<![CDATA[
:13  br label %1

]]></Node>
<StgValue><ssdm name=""/></StgValue>
</operation>
</state>

<state id="21" st_id="21">

<operation id="85" st_id="21" stage="1" lat="2">
<core>RAM_1P_BRAM</core>
<MemPortIdVec>0 </MemPortIdVec>
<condition id="-1">
<or_exp><and_exp></and_exp></or_exp>
</condition>

<Node id="38" bw="32" op_0_bw="4">
<![CDATA[
:1  %coeff_load_1 = load i32* %coeff_addr, align 4

]]></Node>
<StgValue><ssdm name="coeff_load_1"/></StgValue>
</operation>
</state>

<state id="22" st_id="22">

<operation id="86" st_id="22" stage="6" lat="6">
<core>Int2Double</core>
<MemPortIdVec></MemPortIdVec>
<condition id="-1">
<or_exp><and_exp></and_exp></or_exp>
</condition>

<Node id="39" bw="64" op_0_bw="32">
<![CDATA[
:2  %tmp_7 = sitofp i32 %coeff_load_1 to double

]]></Node>
<StgValue><ssdm name="tmp_7"/></StgValue>
</operation>
</state>

<state id="23" st_id="23">

<operation id="87" st_id="23" stage="5" lat="6">
<core>Int2Double</core>
<MemPortIdVec></MemPortIdVec>
<condition id="-1">
<or_exp><and_exp></and_exp></or_exp>
</condition>

<Node id="39" bw="64" op_0_bw="32">
<![CDATA[
:2  %tmp_7 = sitofp i32 %coeff_load_1 to double

]]></Node>
<StgValue><ssdm name="tmp_7"/></StgValue>
</operation>
</state>

<state id="24" st_id="24">

<operation id="88" st_id="24" stage="4" lat="6">
<core>Int2Double</core>
<MemPortIdVec></MemPortIdVec>
<condition id="-1">
<or_exp><and_exp></and_exp></or_exp>
</condition>

<Node id="39" bw="64" op_0_bw="32">
<![CDATA[
:2  %tmp_7 = sitofp i32 %coeff_load_1 to double

]]></Node>
<StgValue><ssdm name="tmp_7"/></StgValue>
</operation>
</state>

<state id="25" st_id="25">

<operation id="89" st_id="25" stage="3" lat="6">
<core>Int2Double</core>
<MemPortIdVec></MemPortIdVec>
<condition id="-1">
<or_exp><and_exp></and_exp></or_exp>
</condition>

<Node id="39" bw="64" op_0_bw="32">
<![CDATA[
:2  %tmp_7 = sitofp i32 %coeff_load_1 to double

]]></Node>
<StgValue><ssdm name="tmp_7"/></StgValue>
</operation>
</state>

<state id="26" st_id="26">

<operation id="90" st_id="26" stage="2" lat="6">
<core>Int2Double</core>
<MemPortIdVec></MemPortIdVec>
<condition id="-1">
<or_exp><and_exp></and_exp></or_exp>
</condition>

<Node id="39" bw="64" op_0_bw="32">
<![CDATA[
:2  %tmp_7 = sitofp i32 %coeff_load_1 to double

]]></Node>
<StgValue><ssdm name="tmp_7"/></StgValue>
</operation>
</state>

<state id="27" st_id="27">

<operation id="91" st_id="27" stage="1" lat="6">
<core>Int2Double</core>
<MemPortIdVec></MemPortIdVec>
<condition id="-1">
<or_exp><and_exp></and_exp></or_exp>
</condition>

<Node id="39" bw="64" op_0_bw="32">
<![CDATA[
:2  %tmp_7 = sitofp i32 %coeff_load_1 to double

]]></Node>
<StgValue><ssdm name="tmp_7"/></StgValue>
</operation>
</state>

<state id="28" st_id="28">

<operation id="92" st_id="28" stage="1" lat="1">
<core>RAM</core>
<MemPortIdVec>0 </MemPortIdVec>
<condition id="-1">
<or_exp><and_exp></and_exp></or_exp>
</condition>

<Node id="37" bw="0" op_0_bw="64" op_1_bw="64">
<![CDATA[
:0  store double %probe_in_read, double* getelementptr inbounds ([10 x double]* @data_in, i64 0, i64 0), align 16

]]></Node>
<StgValue><ssdm name=""/></StgValue>
</operation>

<operation id="93" st_id="28" stage="6" lat="6">
<core>DMul</core>
<MemPortIdVec></MemPortIdVec>
<condition id="-1">
<or_exp><and_exp></and_exp></or_exp>
</condition>

<Node id="40" bw="64" op_0_bw="64" op_1_bw="64">
<![CDATA[
:3  %tmp_8 = fmul double %tmp_7, %probe_in_read

]]></Node>
<StgValue><ssdm name="tmp_8"/></StgValue>
</operation>
</state>

<state id="29" st_id="29">

<operation id="94" st_id="29" stage="5" lat="6">
<core>DMul</core>
<MemPortIdVec></MemPortIdVec>
<condition id="-1">
<or_exp><and_exp></and_exp></or_exp>
</condition>

<Node id="40" bw="64" op_0_bw="64" op_1_bw="64">
<![CDATA[
:3  %tmp_8 = fmul double %tmp_7, %probe_in_read

]]></Node>
<StgValue><ssdm name="tmp_8"/></StgValue>
</operation>
</state>

<state id="30" st_id="30">

<operation id="95" st_id="30" stage="4" lat="6">
<core>DMul</core>
<MemPortIdVec></MemPortIdVec>
<condition id="-1">
<or_exp><and_exp></and_exp></or_exp>
</condition>

<Node id="40" bw="64" op_0_bw="64" op_1_bw="64">
<![CDATA[
:3  %tmp_8 = fmul double %tmp_7, %probe_in_read

]]></Node>
<StgValue><ssdm name="tmp_8"/></StgValue>
</operation>
</state>

<state id="31" st_id="31">

<operation id="96" st_id="31" stage="3" lat="6">
<core>DMul</core>
<MemPortIdVec></MemPortIdVec>
<condition id="-1">
<or_exp><and_exp></and_exp></or_exp>
</condition>

<Node id="40" bw="64" op_0_bw="64" op_1_bw="64">
<![CDATA[
:3  %tmp_8 = fmul double %tmp_7, %probe_in_read

]]></Node>
<StgValue><ssdm name="tmp_8"/></StgValue>
</operation>
</state>

<state id="32" st_id="32">

<operation id="97" st_id="32" stage="2" lat="6">
<core>DMul</core>
<MemPortIdVec></MemPortIdVec>
<condition id="-1">
<or_exp><and_exp></and_exp></or_exp>
</condition>

<Node id="40" bw="64" op_0_bw="64" op_1_bw="64">
<![CDATA[
:3  %tmp_8 = fmul double %tmp_7, %probe_in_read

]]></Node>
<StgValue><ssdm name="tmp_8"/></StgValue>
</operation>
</state>

<state id="33" st_id="33">

<operation id="98" st_id="33" stage="1" lat="6">
<core>DMul</core>
<MemPortIdVec></MemPortIdVec>
<condition id="-1">
<or_exp><and_exp></and_exp></or_exp>
</condition>

<Node id="40" bw="64" op_0_bw="64" op_1_bw="64">
<![CDATA[
:3  %tmp_8 = fmul double %tmp_7, %probe_in_read

]]></Node>
<StgValue><ssdm name="tmp_8"/></StgValue>
</operation>
</state>

<state id="34" st_id="34">

<operation id="99" st_id="34" stage="5" lat="5">
<core>DAddSub</core>
<MemPortIdVec></MemPortIdVec>
<condition id="-1">
<or_exp><and_exp></and_exp></or_exp>
</condition>

<Node id="41" bw="64" op_0_bw="64" op_1_bw="64">
<![CDATA[
:4  %acc_2 = fadd double %acc, %tmp_8

]]></Node>
<StgValue><ssdm name="acc_2"/></StgValue>
</operation>
</state>

<state id="35" st_id="35">

<operation id="100" st_id="35" stage="4" lat="5">
<core>DAddSub</core>
<MemPortIdVec></MemPortIdVec>
<condition id="-1">
<or_exp><and_exp></and_exp></or_exp>
</condition>

<Node id="41" bw="64" op_0_bw="64" op_1_bw="64">
<![CDATA[
:4  %acc_2 = fadd double %acc, %tmp_8

]]></Node>
<StgValue><ssdm name="acc_2"/></StgValue>
</operation>
</state>

<state id="36" st_id="36">

<operation id="101" st_id="36" stage="3" lat="5">
<core>DAddSub</core>
<MemPortIdVec></MemPortIdVec>
<condition id="-1">
<or_exp><and_exp></and_exp></or_exp>
</condition>

<Node id="41" bw="64" op_0_bw="64" op_1_bw="64">
<![CDATA[
:4  %acc_2 = fadd double %acc, %tmp_8

]]></Node>
<StgValue><ssdm name="acc_2"/></StgValue>
</operation>
</state>

<state id="37" st_id="37">

<operation id="102" st_id="37" stage="2" lat="5">
<core>DAddSub</core>
<MemPortIdVec></MemPortIdVec>
<condition id="-1">
<or_exp><and_exp></and_exp></or_exp>
</condition>

<Node id="41" bw="64" op_0_bw="64" op_1_bw="64">
<![CDATA[
:4  %acc_2 = fadd double %acc, %tmp_8

]]></Node>
<StgValue><ssdm name="acc_2"/></StgValue>
</operation>
</state>

<state id="38" st_id="38">

<operation id="103" st_id="38" stage="1" lat="5">
<core>DAddSub</core>
<MemPortIdVec></MemPortIdVec>
<condition id="-1">
<or_exp><and_exp></and_exp></or_exp>
</condition>

<Node id="41" bw="64" op_0_bw="64" op_1_bw="64">
<![CDATA[
:4  %acc_2 = fadd double %acc, %tmp_8

]]></Node>
<StgValue><ssdm name="acc_2"/></StgValue>
</operation>

<operation id="104" st_id="38" stage="1" lat="1">
<core>NULL</core>
<MemPortIdVec></MemPortIdVec>
<condition id="-1">
<or_exp><and_exp></and_exp></or_exp>
</condition>

<Node id="42" bw="0" op_0_bw="0" op_1_bw="64" op_2_bw="64">
<![CDATA[
:5  call void @_ssdm_op_Write.ap_vld.doubleP(double* %out_r, double %acc_2) nounwind

]]></Node>
<StgValue><ssdm name=""/></StgValue>
</operation>

<operation id="105" st_id="38" stage="1" lat="1">
<core>NULL</core>
<MemPortIdVec></MemPortIdVec>
<condition id="-1">
<or_exp><and_exp></and_exp></or_exp>
</condition>

<Node id="43" bw="0">
<![CDATA[
:6  ret void

]]></Node>
<StgValue><ssdm name=""/></StgValue>
</operation>
</state>
</state_list>


<ports>
<port id="146" name="probe_in" dir="0" iftype="0">
<core>NULL</core><StgValue><ssdm name="probe_in"/></StgValue>
</port>
<port id="147" name="out_r" dir="1" iftype="0">
<core>NULL</core><StgValue><ssdm name="out_r"/></StgValue>
</port>
<port id="148" name="coeff" dir="0" iftype="1">
<core>RAM_1P_BRAM</core><StgValue><ssdm name="coeff"/><MemPortTyVec>1 </MemPortTyVec>
</StgValue>
</port>
<port id="149" name="data_in" dir="2" iftype="1">
<core>RAM</core><StgValue><ssdm name="data_in"/><MemPortTyVec>2 3 </MemPortTyVec>
</StgValue>
</port>
</ports>


<dataflows>
<dataflow id="151" from="_ssdm_op_SpecBitsMap" to="StgValue_39" fromId="150" toId="39">
</dataflow>
<dataflow id="152" from="probe_in" to="StgValue_39" fromId="146" toId="39">
</dataflow>
<dataflow id="153" from="_ssdm_op_SpecBitsMap" to="StgValue_40" fromId="150" toId="40">
</dataflow>
<dataflow id="154" from="out_r" to="StgValue_40" fromId="147" toId="40">
</dataflow>
<dataflow id="155" from="_ssdm_op_SpecBitsMap" to="StgValue_41" fromId="150" toId="41">
</dataflow>
<dataflow id="156" from="coeff" to="StgValue_41" fromId="148" toId="41">
</dataflow>
<dataflow id="158" from="_ssdm_op_Read.ap_vld.double" to="probe_in_read" fromId="157" toId="42">
</dataflow>
<dataflow id="159" from="probe_in" to="probe_in_read" fromId="146" toId="42">
</dataflow>
<dataflow id="160" from="coeff" to="coeff_addr" fromId="148" toId="43">
</dataflow>
<dataflow id="162" from="StgValue_161" to="coeff_addr" fromId="161" toId="43">
</dataflow>
<dataflow id="163" from="StgValue_161" to="coeff_addr" fromId="161" toId="43">
</dataflow>
<dataflow id="165" from="_ssdm_op_SpecTopModule" to="StgValue_44" fromId="164" toId="44">
</dataflow>
<dataflow id="167" from="fir_str" to="StgValue_44" fromId="166" toId="44">
</dataflow>
<dataflow id="169" from="_ssdm_op_SpecMemCore" to="StgValue_45" fromId="168" toId="45">
</dataflow>
<dataflow id="170" from="coeff" to="StgValue_45" fromId="148" toId="45">
</dataflow>
<dataflow id="172" from="p_str" to="StgValue_45" fromId="171" toId="45">
</dataflow>
<dataflow id="174" from="p_str1" to="StgValue_45" fromId="173" toId="45">
</dataflow>
<dataflow id="175" from="p_str" to="StgValue_45" fromId="171" toId="45">
</dataflow>
<dataflow id="177" from="StgValue_176" to="StgValue_45" fromId="176" toId="45">
</dataflow>
<dataflow id="178" from="p_str" to="StgValue_45" fromId="171" toId="45">
</dataflow>
<dataflow id="179" from="p_str" to="StgValue_45" fromId="171" toId="45">
</dataflow>
<dataflow id="180" from="p_str" to="StgValue_45" fromId="171" toId="45">
</dataflow>
<dataflow id="181" from="p_str" to="StgValue_45" fromId="171" toId="45">
</dataflow>
<dataflow id="182" from="p_str" to="StgValue_45" fromId="171" toId="45">
</dataflow>
<dataflow id="184" from="_ssdm_op_SpecInterface" to="StgValue_46" fromId="183" toId="46">
</dataflow>
<dataflow id="185" from="out_r" to="StgValue_46" fromId="147" toId="46">
</dataflow>
<dataflow id="187" from="p_str2" to="StgValue_46" fromId="186" toId="46">
</dataflow>
<dataflow id="189" from="StgValue_188" to="StgValue_46" fromId="188" toId="46">
</dataflow>
<dataflow id="190" from="StgValue_188" to="StgValue_46" fromId="188" toId="46">
</dataflow>
<dataflow id="191" from="p_str" to="StgValue_46" fromId="171" toId="46">
</dataflow>
<dataflow id="192" from="StgValue_188" to="StgValue_46" fromId="188" toId="46">
</dataflow>
<dataflow id="193" from="StgValue_188" to="StgValue_46" fromId="188" toId="46">
</dataflow>
<dataflow id="194" from="p_str" to="StgValue_46" fromId="171" toId="46">
</dataflow>
<dataflow id="195" from="p_str" to="StgValue_46" fromId="171" toId="46">
</dataflow>
<dataflow id="196" from="p_str" to="StgValue_46" fromId="171" toId="46">
</dataflow>
<dataflow id="197" from="StgValue_188" to="StgValue_46" fromId="188" toId="46">
</dataflow>
<dataflow id="198" from="StgValue_188" to="StgValue_46" fromId="188" toId="46">
</dataflow>
<dataflow id="199" from="StgValue_188" to="StgValue_46" fromId="188" toId="46">
</dataflow>
<dataflow id="200" from="StgValue_188" to="StgValue_46" fromId="188" toId="46">
</dataflow>
<dataflow id="201" from="p_str" to="StgValue_46" fromId="171" toId="46">
</dataflow>
<dataflow id="202" from="p_str" to="StgValue_46" fromId="171" toId="46">
</dataflow>
<dataflow id="203" from="_ssdm_op_SpecInterface" to="StgValue_47" fromId="183" toId="47">
</dataflow>
<dataflow id="204" from="probe_in" to="StgValue_47" fromId="146" toId="47">
</dataflow>
<dataflow id="205" from="p_str2" to="StgValue_47" fromId="186" toId="47">
</dataflow>
<dataflow id="206" from="StgValue_188" to="StgValue_47" fromId="188" toId="47">
</dataflow>
<dataflow id="207" from="StgValue_188" to="StgValue_47" fromId="188" toId="47">
</dataflow>
<dataflow id="208" from="p_str" to="StgValue_47" fromId="171" toId="47">
</dataflow>
<dataflow id="209" from="StgValue_188" to="StgValue_47" fromId="188" toId="47">
</dataflow>
<dataflow id="210" from="StgValue_188" to="StgValue_47" fromId="188" toId="47">
</dataflow>
<dataflow id="211" from="p_str" to="StgValue_47" fromId="171" toId="47">
</dataflow>
<dataflow id="212" from="p_str" to="StgValue_47" fromId="171" toId="47">
</dataflow>
<dataflow id="213" from="p_str" to="StgValue_47" fromId="171" toId="47">
</dataflow>
<dataflow id="214" from="StgValue_188" to="StgValue_47" fromId="188" toId="47">
</dataflow>
<dataflow id="215" from="StgValue_188" to="StgValue_47" fromId="188" toId="47">
</dataflow>
<dataflow id="216" from="StgValue_188" to="StgValue_47" fromId="188" toId="47">
</dataflow>
<dataflow id="217" from="StgValue_188" to="StgValue_47" fromId="188" toId="47">
</dataflow>
<dataflow id="218" from="p_str" to="StgValue_47" fromId="171" toId="47">
</dataflow>
<dataflow id="219" from="p_str" to="StgValue_47" fromId="171" toId="47">
</dataflow>
<dataflow id="221" from="StgValue_220" to="acc" fromId="220" toId="49">
<condition id="-1">
<or_exp><and_exp></and_exp></or_exp>
</condition>
</dataflow>
<dataflow id="222" from="StgValue_48" to="acc" fromId="48" toId="49">
</dataflow>
<dataflow id="223" from="acc_1" to="acc" fromId="83" toId="49">
<BackEdge/>
<condition id="-1">
<or_exp><and_exp></and_exp></or_exp>
</condition>
</dataflow>
<dataflow id="224" from="StgValue_84" to="acc" fromId="84" toId="49">
<BackEdge/>
</dataflow>
<dataflow id="226" from="StgValue_225" to="i" fromId="225" toId="50">
<condition id="-1">
<or_exp><and_exp></and_exp></or_exp>
</condition>
</dataflow>
<dataflow id="227" from="StgValue_48" to="i" fromId="48" toId="50">
</dataflow>
<dataflow id="228" from="i_1" to="i" fromId="54" toId="50">
<BackEdge/>
<condition id="-1">
<or_exp><and_exp></and_exp></or_exp>
</condition>
</dataflow>
<dataflow id="229" from="StgValue_84" to="i" fromId="84" toId="50">
<BackEdge/>
</dataflow>
<dataflow id="230" from="i" to="tmp" fromId="50" toId="51">
</dataflow>
<dataflow id="232" from="StgValue_231" to="tmp" fromId="231" toId="51">
</dataflow>
<dataflow id="234" from="_ssdm_op_SpecLoopTripCount" to="empty" fromId="233" toId="52">
</dataflow>
<dataflow id="236" from="StgValue_235" to="empty" fromId="235" toId="52">
</dataflow>
<dataflow id="237" from="StgValue_235" to="empty" fromId="235" toId="52">
</dataflow>
<dataflow id="238" from="StgValue_235" to="empty" fromId="235" toId="52">
</dataflow>
<dataflow id="239" from="tmp" to="StgValue_53" fromId="51" toId="53">
</dataflow>
<dataflow id="240" from="i" to="i_1" fromId="50" toId="54">
</dataflow>
<dataflow id="242" from="StgValue_241" to="i_1" fromId="241" toId="54">
</dataflow>
<dataflow id="243" from="i_1" to="tmp_2" fromId="54" toId="55">
</dataflow>
<dataflow id="244" from="data_in" to="data_in_addr" fromId="149" toId="56">
</dataflow>
<dataflow id="245" from="StgValue_161" to="data_in_addr" fromId="161" toId="56">
</dataflow>
<dataflow id="246" from="tmp_2" to="data_in_addr" fromId="55" toId="56">
</dataflow>
<dataflow id="247" from="data_in_addr" to="data_in_load" fromId="56" toId="57">
</dataflow>
<dataflow id="248" from="i" to="tmp_3" fromId="50" toId="58">
</dataflow>
<dataflow id="249" from="coeff" to="coeff_addr_1" fromId="148" toId="59">
</dataflow>
<dataflow id="250" from="StgValue_161" to="coeff_addr_1" fromId="161" toId="59">
</dataflow>
<dataflow id="251" from="tmp_3" to="coeff_addr_1" fromId="58" toId="59">
</dataflow>
<dataflow id="252" from="coeff_addr_1" to="coeff_load" fromId="59" toId="60">
</dataflow>
<dataflow id="253" from="coeff_addr" to="coeff_load_1" fromId="43" toId="61">
</dataflow>
<dataflow id="254" from="data_in_addr" to="data_in_load" fromId="56" toId="62">
</dataflow>
<dataflow id="255" from="data_in" to="data_in_addr_1" fromId="149" toId="63">
</dataflow>
<dataflow id="256" from="StgValue_161" to="data_in_addr_1" fromId="161" toId="63">
</dataflow>
<dataflow id="257" from="tmp_3" to="data_in_addr_1" fromId="58" toId="63">
</dataflow>
<dataflow id="258" from="data_in_load" to="StgValue_64" fromId="62" toId="64">
</dataflow>
<dataflow id="259" from="data_in_addr_1" to="StgValue_64" fromId="63" toId="64">
</dataflow>
<dataflow id="260" from="coeff_addr_1" to="coeff_load" fromId="59" toId="65">
</dataflow>
<dataflow id="261" from="coeff_load" to="tmp_4" fromId="65" toId="66">
</dataflow>
<dataflow id="262" from="coeff_load" to="tmp_4" fromId="65" toId="67">
</dataflow>
<dataflow id="263" from="coeff_load" to="tmp_4" fromId="65" toId="68">
</dataflow>
<dataflow id="264" from="coeff_load" to="tmp_4" fromId="65" toId="69">
</dataflow>
<dataflow id="265" from="coeff_load" to="tmp_4" fromId="65" toId="70">
</dataflow>
<dataflow id="266" from="coeff_load" to="tmp_4" fromId="65" toId="71">
</dataflow>
<dataflow id="267" from="data_in_load" to="tmp_5" fromId="62" toId="72">
</dataflow>
<dataflow id="268" from="tmp_4" to="tmp_5" fromId="71" toId="72">
</dataflow>
<dataflow id="269" from="data_in_load" to="tmp_5" fromId="62" toId="73">
</dataflow>
<dataflow id="270" from="tmp_4" to="tmp_5" fromId="71" toId="73">
</dataflow>
<dataflow id="271" from="data_in_load" to="tmp_5" fromId="62" toId="74">
</dataflow>
<dataflow id="272" from="tmp_4" to="tmp_5" fromId="71" toId="74">
</dataflow>
<dataflow id="273" from="data_in_load" to="tmp_5" fromId="62" toId="75">
</dataflow>
<dataflow id="274" from="tmp_4" to="tmp_5" fromId="71" toId="75">
</dataflow>
<dataflow id="275" from="data_in_load" to="tmp_5" fromId="62" toId="76">
</dataflow>
<dataflow id="276" from="tmp_4" to="tmp_5" fromId="71" toId="76">
</dataflow>
<dataflow id="277" from="data_in_load" to="tmp_5" fromId="62" toId="77">
</dataflow>
<dataflow id="278" from="tmp_4" to="tmp_5" fromId="71" toId="77">
</dataflow>
<dataflow id="279" from="acc" to="acc_1" fromId="49" toId="78">
</dataflow>
<dataflow id="280" from="tmp_5" to="acc_1" fromId="77" toId="78">
</dataflow>
<dataflow id="281" from="acc" to="acc_1" fromId="49" toId="79">
</dataflow>
<dataflow id="282" from="tmp_5" to="acc_1" fromId="77" toId="79">
</dataflow>
<dataflow id="283" from="acc" to="acc_1" fromId="49" toId="80">
</dataflow>
<dataflow id="284" from="tmp_5" to="acc_1" fromId="77" toId="80">
</dataflow>
<dataflow id="285" from="acc" to="acc_1" fromId="49" toId="81">
</dataflow>
<dataflow id="286" from="tmp_5" to="acc_1" fromId="77" toId="81">
</dataflow>
<dataflow id="288" from="_ssdm_op_SpecLoopName" to="StgValue_82" fromId="287" toId="82">
</dataflow>
<dataflow id="290" from="p_str3" to="StgValue_82" fromId="289" toId="82">
</dataflow>
<dataflow id="291" from="acc" to="acc_1" fromId="49" toId="83">
</dataflow>
<dataflow id="292" from="tmp_5" to="acc_1" fromId="77" toId="83">
</dataflow>
<dataflow id="293" from="coeff_addr" to="coeff_load_1" fromId="43" toId="85">
</dataflow>
<dataflow id="294" from="coeff_load_1" to="tmp_7" fromId="85" toId="86">
</dataflow>
<dataflow id="295" from="coeff_load_1" to="tmp_7" fromId="85" toId="87">
</dataflow>
<dataflow id="296" from="coeff_load_1" to="tmp_7" fromId="85" toId="88">
</dataflow>
<dataflow id="297" from="coeff_load_1" to="tmp_7" fromId="85" toId="89">
</dataflow>
<dataflow id="298" from="coeff_load_1" to="tmp_7" fromId="85" toId="90">
</dataflow>
<dataflow id="299" from="coeff_load_1" to="tmp_7" fromId="85" toId="91">
</dataflow>
<dataflow id="300" from="probe_in_read" to="StgValue_92" fromId="42" toId="92">
</dataflow>
<dataflow id="302" from="StgValue_301" to="StgValue_92" fromId="301" toId="92">
</dataflow>
<dataflow id="303" from="tmp_7" to="tmp_8" fromId="91" toId="93">
</dataflow>
<dataflow id="304" from="probe_in_read" to="tmp_8" fromId="42" toId="93">
</dataflow>
<dataflow id="305" from="tmp_7" to="tmp_8" fromId="91" toId="94">
</dataflow>
<dataflow id="306" from="probe_in_read" to="tmp_8" fromId="42" toId="94">
</dataflow>
<dataflow id="307" from="tmp_7" to="tmp_8" fromId="91" toId="95">
</dataflow>
<dataflow id="308" from="probe_in_read" to="tmp_8" fromId="42" toId="95">
</dataflow>
<dataflow id="309" from="tmp_7" to="tmp_8" fromId="91" toId="96">
</dataflow>
<dataflow id="310" from="probe_in_read" to="tmp_8" fromId="42" toId="96">
</dataflow>
<dataflow id="311" from="tmp_7" to="tmp_8" fromId="91" toId="97">
</dataflow>
<dataflow id="312" from="probe_in_read" to="tmp_8" fromId="42" toId="97">
</dataflow>
<dataflow id="313" from="tmp_7" to="tmp_8" fromId="91" toId="98">
</dataflow>
<dataflow id="314" from="probe_in_read" to="tmp_8" fromId="42" toId="98">
</dataflow>
<dataflow id="315" from="acc" to="acc_2" fromId="49" toId="99">
</dataflow>
<dataflow id="316" from="tmp_8" to="acc_2" fromId="98" toId="99">
</dataflow>
<dataflow id="317" from="acc" to="acc_2" fromId="49" toId="100">
</dataflow>
<dataflow id="318" from="tmp_8" to="acc_2" fromId="98" toId="100">
</dataflow>
<dataflow id="319" from="acc" to="acc_2" fromId="49" toId="101">
</dataflow>
<dataflow id="320" from="tmp_8" to="acc_2" fromId="98" toId="101">
</dataflow>
<dataflow id="321" from="acc" to="acc_2" fromId="49" toId="102">
</dataflow>
<dataflow id="322" from="tmp_8" to="acc_2" fromId="98" toId="102">
</dataflow>
<dataflow id="323" from="acc" to="acc_2" fromId="49" toId="103">
</dataflow>
<dataflow id="324" from="tmp_8" to="acc_2" fromId="98" toId="103">
</dataflow>
<dataflow id="326" from="_ssdm_op_Write.ap_vld.doubleP" to="StgValue_104" fromId="325" toId="104">
</dataflow>
<dataflow id="327" from="out_r" to="StgValue_104" fromId="147" toId="104">
</dataflow>
<dataflow id="328" from="acc_2" to="StgValue_104" fromId="103" toId="104">
</dataflow>
<dataflow id="329" from="tmp" to="StgValue_2" fromId="51" toId="2">
</dataflow>
</dataflows>


</stg>
