<?xml version="1.0" encoding="UTF-8" standalone="no"?>
<?fileVersion 4.0.0?><cproject storage_type_id="org.eclipse.cdt.core.XmlProjectDescriptionStorage">
    	
    <storageModule moduleId="org.eclipse.cdt.core.settings">
        		
        <cconfiguration id="cdt.managedbuild.config.gnu.exe.debug.1034418076">
            			
            <storageModule buildSystemId="org.eclipse.cdt.managedbuilder.core.configurationDataProvider" id="cdt.managedbuild.config.gnu.exe.debug.1034418076" moduleId="org.eclipse.cdt.core.settings" name="Debug">
                				
                <externalSettings/>
                				
                <extensions>
                    					
                    <extension id="org.eclipse.cdt.core.GNU_ELF" point="org.eclipse.cdt.core.BinaryParser"/>
                    					
                    <extension id="org.eclipse.cdt.core.PE" point="org.eclipse.cdt.core.BinaryParser"/>
                    					
                    <extension id="org.eclipse.cdt.core.GASErrorParser" point="org.eclipse.cdt.core.ErrorParser"/>
                    					
                    <extension id="org.eclipse.cdt.core.GmakeErrorParser" point="org.eclipse.cdt.core.ErrorParser"/>
                    					
                    <extension id="org.eclipse.cdt.core.GLDErrorParser" point="org.eclipse.cdt.core.ErrorParser"/>
                    					
                    <extension id="org.eclipse.cdt.core.CWDLocator" point="org.eclipse.cdt.core.ErrorParser"/>
                    					
                    <extension id="org.eclipse.cdt.core.GCCErrorParser" point="org.eclipse.cdt.core.ErrorParser"/>
                    				
                </extensions>
                			
            </storageModule>
            			
            <storageModule moduleId="cdtBuildSystem" version="4.0.0">
                				
                <configuration artifactName="a.out" buildArtefactType="org.eclipse.cdt.build.core.buildArtefactType.exe" buildProperties="org.eclipse.cdt.build.core.buildArtefactType=org.eclipse.cdt.build.core.buildArtefactType.exe,org.eclipse.cdt.build.core.buildType=org.eclipse.cdt.build.core.buildType.debug" cleanCommand="rm -rf" description="" id="cdt.managedbuild.config.gnu.exe.debug.1034418076" name="Debug" parent="cdt.managedbuild.config.gnu.exe.debug">
                    					
                    <folderInfo id="cdt.managedbuild.config.gnu.exe.debug.1034418076." name="/" resourcePath="">
                        						
                        <toolChain id="cdt.managedbuild.toolchain.gnu.exe.debug.1376877786" name="Linux GCC" superClass="cdt.managedbuild.toolchain.gnu.exe.debug">
                            							
                            <targetPlatform binaryParser="org.eclipse.cdt.core.PE;org.eclipse.cdt.core.GNU_ELF" id="cdt.managedbuild.target.gnu.platform.exe.debug.352336715" name="Debug Platform" superClass="cdt.managedbuild.target.gnu.platform.exe.debug"/>
                            							
                            <builder buildPath="${workspace_loc:/LAB1_FIR}/Debug" id="cdt.managedbuild.target.gnu.builder.exe.debug.554699585" keepEnvironmentInBuildfile="false" managedBuildOn="true" name="Gnu Make Builder" superClass="cdt.managedbuild.target.gnu.builder.exe.debug"/>
                            							
                            <tool id="cdt.managedbuild.tool.gnu.archiver.base.912955055" name="GCC Archiver" superClass="cdt.managedbuild.tool.gnu.archiver.base"/>
                            							
                            <tool id="cdt.managedbuild.tool.gnu.cpp.compiler.exe.debug.429729867" name="GCC C++ Compiler" superClass="cdt.managedbuild.tool.gnu.cpp.compiler.exe.debug">
                                								
                                <option id="gnu.cpp.compiler.exe.debug.option.optimization.level.167547333" name="Optimization Level" superClass="gnu.cpp.compiler.exe.debug.option.optimization.level" useByScannerDiscovery="false" value="gnu.cpp.compiler.optimization.level.none" valueType="enumerated"/>
                                								
                                <option id="gnu.cpp.compiler.exe.debug.option.debugging.level.708967382" name="Debug Level" superClass="gnu.cpp.compiler.exe.debug.option.debugging.level" useByScannerDiscovery="false" value="gnu.cpp.compiler.debugging.level.max" valueType="enumerated"/>
                                								
                                <option id="gnu.cpp.compiler.option.include.paths.51745499" name="Include paths (-I)" superClass="gnu.cpp.compiler.option.include.paths" useByScannerDiscovery="false" valueType="includePath">
                                    									
                                    <listOptionValue builtIn="false" value="/opt/Xilinx/Vivado/2018.3/lnx64/tools/auto_cc/include"/>
                                    									
                                    <listOptionValue builtIn="false" value="/opt/Xilinx/Vivado/2018.3/lnx64/tools/systemc/include"/>
                                    									
                                    <listOptionValue builtIn="false" value="/opt/Xilinx/Vivado/2018.3/include"/>
                                    									
                                    <listOptionValue builtIn="false" value="/home/lsriw/HLS_Stanisz"/>
                                    									
                                    <listOptionValue builtIn="false" value="/opt/Xilinx/Vivado/2018.3/include/ap_sysc"/>
                                    									
                                    <listOptionValue builtIn="false" value="/opt/Xilinx/Vivado/2018.3/include/etc"/>
                                    								
                                </option>
                                								
                                <option id="gnu.cpp.compiler.option.preprocessor.def.521124316" name="Defined symbols (-D)" superClass="gnu.cpp.compiler.option.preprocessor.def" useByScannerDiscovery="false" valueType="definedSymbols">
                                    									
                                    <listOptionValue builtIn="false" value="AESL_TB"/>
                                    									
                                    <listOptionValue builtIn="false" value="__llvm__"/>
                                    									
                                    <listOptionValue builtIn="false" value="__llvm__"/>
                                    								
                                </option>
                                								
                                <inputType id="cdt.managedbuild.tool.gnu.cpp.compiler.input.138458270" superClass="cdt.managedbuild.tool.gnu.cpp.compiler.input"/>
                                							
                            </tool>
                            							
                            <tool id="cdt.managedbuild.tool.gnu.c.compiler.exe.debug.1489988558" name="GCC C Compiler" superClass="cdt.managedbuild.tool.gnu.c.compiler.exe.debug">
                                								
                                <option defaultValue="gnu.c.optimization.level.none" id="gnu.c.compiler.exe.debug.option.optimization.level.1698787" name="Optimization Level" superClass="gnu.c.compiler.exe.debug.option.optimization.level" useByScannerDiscovery="false" valueType="enumerated"/>
                                								
                                <option id="gnu.c.compiler.exe.debug.option.debugging.level.705861383" name="Debug Level" superClass="gnu.c.compiler.exe.debug.option.debugging.level" useByScannerDiscovery="false" value="gnu.c.debugging.level.max" valueType="enumerated"/>
                                								
                                <option id="gnu.c.compiler.option.include.paths.608518277" name="Include paths (-I)" superClass="gnu.c.compiler.option.include.paths" useByScannerDiscovery="false" valueType="includePath">
                                    									
                                    <listOptionValue builtIn="false" value="/opt/Xilinx/Vivado/2018.3/lnx64/tools/auto_cc/include"/>
                                    									
                                    <listOptionValue builtIn="false" value="/opt/Xilinx/Vivado/2018.3/lnx64/tools/systemc/include"/>
                                    									
                                    <listOptionValue builtIn="false" value="/opt/Xilinx/Vivado/2018.3/include"/>
                                    									
                                    <listOptionValue builtIn="false" value="/home/lsriw/HLS_Stanisz"/>
                                    									
                                    <listOptionValue builtIn="false" value="/opt/Xilinx/Vivado/2018.3/include/ap_sysc"/>
                                    									
                                    <listOptionValue builtIn="false" value="/opt/Xilinx/Vivado/2018.3/include/etc"/>
                                    								
                                </option>
                                								
                                <option id="gnu.c.compiler.option.preprocessor.def.symbols.2076731261" name="Defined symbols (-D)" superClass="gnu.c.compiler.option.preprocessor.def.symbols" useByScannerDiscovery="false" valueType="definedSymbols">
                                    									
                                    <listOptionValue builtIn="false" value="AESL_TB"/>
                                    									
                                    <listOptionValue builtIn="false" value="__llvm__"/>
                                    									
                                    <listOptionValue builtIn="false" value="__llvm__"/>
                                    								
                                </option>
                                								
                                <inputType id="cdt.managedbuild.tool.gnu.c.compiler.input.681848449" superClass="cdt.managedbuild.tool.gnu.c.compiler.input"/>
                                							
                            </tool>
                            							
                            <tool id="cdt.managedbuild.tool.gnu.c.linker.exe.debug.1122727594" name="GCC C Linker" superClass="cdt.managedbuild.tool.gnu.c.linker.exe.debug">
                                								
                                <option id="gnu.c.link.option.paths.732313698" name="Library search path (-L)" superClass="gnu.c.link.option.paths" valueType="libPaths">
                                    									
                                    <listOptionValue builtIn="false" value="/opt/Xilinx/Vivado/2018.3/lnx64/tools/systemc/lib"/>
                                    								
                                </option>
                                								
                                <option id="gnu.c.link.option.libs.2041619052" name="Libraries (-l)" superClass="gnu.c.link.option.libs"/>
                                								
                                <option id="gnu.c.link.option.ldflags.375576375" name="Linker flags" superClass="gnu.c.link.option.ldflags"/>
                                							
                            </tool>
                            							
                            <tool id="cdt.managedbuild.tool.gnu.cpp.linker.exe.debug.2116944779" name="GCC C++ Linker" superClass="cdt.managedbuild.tool.gnu.cpp.linker.exe.debug">
                                								
                                <option id="gnu.cpp.link.option.paths.741784008" name="Library search path (-L)" superClass="gnu.cpp.link.option.paths" valueType="libPaths">
                                    									
                                    <listOptionValue builtIn="false" value="/opt/Xilinx/Vivado/2018.3/lnx64/tools/systemc/lib"/>
                                    								
                                </option>
                                								
                                <option id="gnu.cpp.link.option.libs.401525991" name="Libraries (-l)" superClass="gnu.cpp.link.option.libs"/>
                                								
                                <option id="gnu.cpp.link.option.flags.1986550505" name="Linker flags" superClass="gnu.cpp.link.option.flags"/>
                                								
                                <inputType id="cdt.managedbuild.tool.gnu.cpp.linker.input.1192901506" superClass="cdt.managedbuild.tool.gnu.cpp.linker.input">
                                    									
                                    <additionalInput kind="additionalinputdependency" paths="$(USER_OBJS)"/>
                                    									
                                    <additionalInput kind="additionalinput" paths="$(LIBS)"/>
                                    								
                                </inputType>
                                							
                            </tool>
                            							
                            <tool id="cdt.managedbuild.tool.gnu.assembler.exe.debug.135514030" name="GCC Assembler" superClass="cdt.managedbuild.tool.gnu.assembler.exe.debug">
                                								
                                <inputType id="cdt.managedbuild.tool.gnu.assembler.input.2091551753" superClass="cdt.managedbuild.tool.gnu.assembler.input"/>
                                							
                            </tool>
                            						
                        </toolChain>
                        					
                    </folderInfo>
                    					
                    <sourceEntries>
                        						
                        <entry excluding="FIR_solution1|*.c*|*.C*" flags="VALUE_WORKSPACE_PATH|RESOLVED" kind="sourcePath" name=""/>
                        					
                    </sourceEntries>
                    				
                </configuration>
                			
            </storageModule>
            			
            <storageModule moduleId="org.eclipse.cdt.core.externalSettings"/>
            		
        </cconfiguration>
        		
        <cconfiguration id="cdt.managedbuild.config.gnu.exe.release.1549540852">
            			
            <storageModule buildSystemId="org.eclipse.cdt.managedbuilder.core.configurationDataProvider" id="cdt.managedbuild.config.gnu.exe.release.1549540852" moduleId="org.eclipse.cdt.core.settings" name="Release">
                				
                <externalSettings/>
                				
                <extensions>
                    					
                    <extension id="org.eclipse.cdt.core.GNU_ELF" point="org.eclipse.cdt.core.BinaryParser"/>
                    					
                    <extension id="org.eclipse.cdt.core.PE" point="org.eclipse.cdt.core.BinaryParser"/>
                    					
                    <extension id="org.eclipse.cdt.core.GASErrorParser" point="org.eclipse.cdt.core.ErrorParser"/>
                    					
                    <extension id="org.eclipse.cdt.core.GmakeErrorParser" point="org.eclipse.cdt.core.ErrorParser"/>
                    					
                    <extension id="org.eclipse.cdt.core.GLDErrorParser" point="org.eclipse.cdt.core.ErrorParser"/>
                    					
                    <extension id="org.eclipse.cdt.core.CWDLocator" point="org.eclipse.cdt.core.ErrorParser"/>
                    					
                    <extension id="org.eclipse.cdt.core.GCCErrorParser" point="org.eclipse.cdt.core.ErrorParser"/>
                    				
                </extensions>
                			
            </storageModule>
            			
            <storageModule moduleId="cdtBuildSystem" version="4.0.0">
                				
                <configuration artifactName="a.out" buildArtefactType="org.eclipse.cdt.build.core.buildArtefactType.exe" buildProperties="org.eclipse.cdt.build.core.buildArtefactType=org.eclipse.cdt.build.core.buildArtefactType.exe,org.eclipse.cdt.build.core.buildType=org.eclipse.cdt.build.core.buildType.release" cleanCommand="rm -rf" description="" id="cdt.managedbuild.config.gnu.exe.release.1549540852" name="Release" parent="cdt.managedbuild.config.gnu.exe.release">
                    					
                    <folderInfo id="cdt.managedbuild.config.gnu.exe.release.1549540852." name="/" resourcePath="">
                        						
                        <toolChain id="cdt.managedbuild.toolchain.gnu.exe.release.458480784" name="Linux GCC" superClass="cdt.managedbuild.toolchain.gnu.exe.release">
                            							
                            <targetPlatform binaryParser="org.eclipse.cdt.core.PE;org.eclipse.cdt.core.GNU_ELF" id="cdt.managedbuild.target.gnu.platform.exe.release.2064386456" name="Debug Platform" superClass="cdt.managedbuild.target.gnu.platform.exe.release"/>
                            							
                            <builder buildPath="${workspace_loc:/LAB1_FIR}/Release" id="cdt.managedbuild.target.gnu.builder.exe.release.1095368987" keepEnvironmentInBuildfile="false" managedBuildOn="true" name="Gnu Make Builder" superClass="cdt.managedbuild.target.gnu.builder.exe.release"/>
                            							
                            <tool id="cdt.managedbuild.tool.gnu.archiver.base.493457954" name="GCC Archiver" superClass="cdt.managedbuild.tool.gnu.archiver.base"/>
                            							
                            <tool id="cdt.managedbuild.tool.gnu.cpp.compiler.exe.release.1392047792" name="GCC C++ Compiler" superClass="cdt.managedbuild.tool.gnu.cpp.compiler.exe.release">
                                								
                                <option id="gnu.cpp.compiler.exe.release.option.optimization.level.193590976" name="Optimization Level" superClass="gnu.cpp.compiler.exe.release.option.optimization.level" useByScannerDiscovery="false" value="gnu.cpp.compiler.optimization.level.most" valueType="enumerated"/>
                                								
                                <option id="gnu.cpp.compiler.exe.release.option.debugging.level.1809665757" name="Debug Level" superClass="gnu.cpp.compiler.exe.release.option.debugging.level" useByScannerDiscovery="false" value="gnu.cpp.compiler.debugging.level.none" valueType="enumerated"/>
                                								
                                <option id="gnu.cpp.compiler.option.include.paths.2104665028" name="Include paths (-I)" superClass="gnu.cpp.compiler.option.include.paths" useByScannerDiscovery="false" valueType="includePath">
                                    									
                                    <listOptionValue builtIn="false" value="/opt/Xilinx/Vivado/2018.3/lnx64/tools/auto_cc/include"/>
                                    									
                                    <listOptionValue builtIn="false" value="/opt/Xilinx/Vivado/2018.3/lnx64/tools/systemc/include"/>
                                    									
                                    <listOptionValue builtIn="false" value="/opt/Xilinx/Vivado/2018.3/include"/>
                                    									
                                    <listOptionValue builtIn="false" value="/home/lsriw/HLS_Stanisz"/>
                                    									
                                    <listOptionValue builtIn="false" value="/opt/Xilinx/Vivado/2018.3/include/ap_sysc"/>
                                    									
                                    <listOptionValue builtIn="false" value="/opt/Xilinx/Vivado/2018.3/include/etc"/>
                                    								
                                </option>
                                								
                                <inputType id="cdt.managedbuild.tool.gnu.cpp.compiler.input.586140343" superClass="cdt.managedbuild.tool.gnu.cpp.compiler.input"/>
                                							
                            </tool>
                            							
                            <tool id="cdt.managedbuild.tool.gnu.c.compiler.exe.release.407585682" name="GCC C Compiler" superClass="cdt.managedbuild.tool.gnu.c.compiler.exe.release">
                                								
                                <option defaultValue="gnu.c.optimization.level.most" id="gnu.c.compiler.exe.release.option.optimization.level.1802989150" name="Optimization Level" superClass="gnu.c.compiler.exe.release.option.optimization.level" useByScannerDiscovery="false" valueType="enumerated"/>
                                								
                                <option id="gnu.c.compiler.exe.release.option.debugging.level.1084896628" name="Debug Level" superClass="gnu.c.compiler.exe.release.option.debugging.level" useByScannerDiscovery="false" value="gnu.c.debugging.level.none" valueType="enumerated"/>
                                								
                                <option id="gnu.c.compiler.option.include.paths.1814254434" name="Include paths (-I)" superClass="gnu.c.compiler.option.include.paths" useByScannerDiscovery="false" valueType="includePath">
                                    									
                                    <listOptionValue builtIn="false" value="/opt/Xilinx/Vivado/2018.3/lnx64/tools/auto_cc/include"/>
                                    									
                                    <listOptionValue builtIn="false" value="/opt/Xilinx/Vivado/2018.3/lnx64/tools/systemc/include"/>
                                    									
                                    <listOptionValue builtIn="false" value="/opt/Xilinx/Vivado/2018.3/include"/>
                                    									
                                    <listOptionValue builtIn="false" value="/home/lsriw/HLS_Stanisz"/>
                                    									
                                    <listOptionValue builtIn="false" value="/opt/Xilinx/Vivado/2018.3/include/ap_sysc"/>
                                    									
                                    <listOptionValue builtIn="false" value="/opt/Xilinx/Vivado/2018.3/include/etc"/>
                                    								
                                </option>
                                								
                                <inputType id="cdt.managedbuild.tool.gnu.c.compiler.input.1577995316" superClass="cdt.managedbuild.tool.gnu.c.compiler.input"/>
                                							
                            </tool>
                            							
                            <tool id="cdt.managedbuild.tool.gnu.c.linker.exe.release.2015220051" name="GCC C Linker" superClass="cdt.managedbuild.tool.gnu.c.linker.exe.release">
                                								
                                <option id="gnu.c.link.option.paths.681747912" name="Library search path (-L)" superClass="gnu.c.link.option.paths" valueType="libPaths">
                                    									
                                    <listOptionValue builtIn="false" value="/opt/Xilinx/Vivado/2018.3/lnx64/tools/systemc/lib"/>
                                    								
                                </option>
                                								
                                <option id="gnu.c.link.option.libs.695689059" name="Libraries (-l)" superClass="gnu.c.link.option.libs"/>
                                								
                                <option id="gnu.c.link.option.ldflags.874862717" name="Linker flags" superClass="gnu.c.link.option.ldflags"/>
                                							
                            </tool>
                            							
                            <tool id="cdt.managedbuild.tool.gnu.cpp.linker.exe.release.724893312" name="GCC C++ Linker" superClass="cdt.managedbuild.tool.gnu.cpp.linker.exe.release">
                                								
                                <option id="gnu.cpp.link.option.paths.5451311" name="Library search path (-L)" superClass="gnu.cpp.link.option.paths" valueType="libPaths">
                                    									
                                    <listOptionValue builtIn="false" value="/opt/Xilinx/Vivado/2018.3/lnx64/tools/systemc/lib"/>
                                    								
                                </option>
                                								
                                <option id="gnu.cpp.link.option.libs.1285732620" name="Libraries (-l)" superClass="gnu.cpp.link.option.libs"/>
                                								
                                <option id="gnu.cpp.link.option.flags.519695791" name="Linker flags" superClass="gnu.cpp.link.option.flags"/>
                                								
                                <inputType id="cdt.managedbuild.tool.gnu.cpp.linker.input.678580534" superClass="cdt.managedbuild.tool.gnu.cpp.linker.input">
                                    									
                                    <additionalInput kind="additionalinputdependency" paths="$(USER_OBJS)"/>
                                    									
                                    <additionalInput kind="additionalinput" paths="$(LIBS)"/>
                                    								
                                </inputType>
                                							
                            </tool>
                            							
                            <tool id="cdt.managedbuild.tool.gnu.assembler.exe.release.450429383" name="GCC Assembler" superClass="cdt.managedbuild.tool.gnu.assembler.exe.release">
                                								
                                <inputType id="cdt.managedbuild.tool.gnu.assembler.input.1655337635" superClass="cdt.managedbuild.tool.gnu.assembler.input"/>
                                							
                            </tool>
                            						
                        </toolChain>
                        					
                    </folderInfo>
                    					
                    <sourceEntries>
                        						
                        <entry excluding="FIR_solution1|*.c*|*.C*" flags="VALUE_WORKSPACE_PATH|RESOLVED" kind="sourcePath" name=""/>
                        					
                    </sourceEntries>
                    				
                </configuration>
                			
            </storageModule>
            			
            <storageModule moduleId="org.eclipse.cdt.core.externalSettings"/>
            		
        </cconfiguration>
        	
    </storageModule>
    	
    <storageModule moduleId="cdtBuildSystem" version="4.0.0">
        		
        <project id="LAB1_FIR.cdt.managedbuild.target.gnu.exe.846343494" name="Executable" projectType="cdt.managedbuild.target.gnu.exe"/>
        	
    </storageModule>
    	
    <storageModule moduleId="scannerConfiguration">
        		
        <autodiscovery enabled="true" problemReportingEnabled="true" selectedProfileId=""/>
        		
        <scannerConfigBuildInfo instanceId="cdt.managedbuild.config.gnu.exe.debug.1034418076;cdt.managedbuild.config.gnu.exe.debug.1034418076.;cdt.managedbuild.tool.gnu.c.compiler.exe.debug.1489988558;cdt.managedbuild.tool.gnu.c.compiler.input.681848449">
            			
            <autodiscovery enabled="true" problemReportingEnabled="true" selectedProfileId=""/>
            		
        </scannerConfigBuildInfo>
        		
        <scannerConfigBuildInfo instanceId="cdt.managedbuild.config.gnu.exe.release.1549540852;cdt.managedbuild.config.gnu.exe.release.1549540852.;cdt.managedbuild.tool.gnu.c.compiler.exe.release.407585682;cdt.managedbuild.tool.gnu.c.compiler.input.1577995316">
            			
            <autodiscovery enabled="true" problemReportingEnabled="true" selectedProfileId=""/>
            		
        </scannerConfigBuildInfo>
        		
        <scannerConfigBuildInfo instanceId="cdt.managedbuild.config.gnu.exe.debug.1034418076;cdt.managedbuild.config.gnu.exe.debug.1034418076.;cdt.managedbuild.tool.gnu.cpp.compiler.exe.debug.429729867;cdt.managedbuild.tool.gnu.cpp.compiler.input.138458270">
            			
            <autodiscovery enabled="true" problemReportingEnabled="true" selectedProfileId=""/>
            		
        </scannerConfigBuildInfo>
        		
        <scannerConfigBuildInfo instanceId="cdt.managedbuild.config.gnu.exe.release.1549540852;cdt.managedbuild.config.gnu.exe.release.1549540852.;cdt.managedbuild.tool.gnu.cpp.compiler.exe.release.1392047792;cdt.managedbuild.tool.gnu.cpp.compiler.input.586140343">
            			
            <autodiscovery enabled="true" problemReportingEnabled="true" selectedProfileId=""/>
            		
        </scannerConfigBuildInfo>
        	
    </storageModule>
    	
    <storageModule moduleId="org.eclipse.cdt.core.LanguageSettingsProviders"/>
    
</cproject>
