<?xml version="1.0" encoding="UTF-8"?>
<projectDescription>
	<name>LAB1_FIR</name>
	<comment></comment>
	<projects>
	</projects>
	<buildSpec>
		<buildCommand>
			<name>org.eclipse.cdt.managedbuilder.core.genmakebuilder</name>
			<triggers>clean,full,incremental,</triggers>
			<arguments>
			</arguments>
		</buildCommand>
		<buildCommand>
			<name>org.eclipse.cdt.managedbuilder.core.ScannerConfigBuilder</name>
			<triggers>full,incremental,</triggers>
			<arguments>
			</arguments>
		</buildCommand>
	</buildSpec>
	<natures>
		<nature>com.autoesl.autopilot.ui.AutopilotNature</nature>
		<nature>org.eclipse.cdt.core.cnature</nature>
		<nature>org.eclipse.cdt.core.ccnature</nature>
		<nature>org.eclipse.cdt.managedbuilder.core.managedBuildNature</nature>
		<nature>org.eclipse.cdt.managedbuilder.core.ScannerConfigNature</nature>
	</natures>
	<linkedResources>
		<link>
			<name>source</name>
			<type>2</type>
			<location>/home/lsriw/HLS_Stanisz/LAB1_FIR/.apc/.src</location>
		</link>
		<link>
			<name>testbench</name>
			<type>2</type>
			<location>/home/lsriw/HLS_Stanisz/LAB1_FIR/.apc/.tb</location>
		</link>
		<link>
			<name>FIR_solution1/constraints</name>
			<type>2</type>
			<location>/home/lsriw/HLS_Stanisz/LAB1_FIR/FIR_solution1/.tcls</location>
		</link>
		<link>
			<name>source/fir.c</name>
			<type>1</type>
			<location>/home/lsriw/HLS_Stanisz/LAB1_FIR/.settings/fir.c</location>
		</link>
		<link>
			<name>source/fir.h</name>
			<type>1</type>
			<location>/home/lsriw/HLS_Stanisz/LAB1_FIR/.settings/fir.h</location>
		</link>
		<link>
			<name>testbench/fir_test.c</name>
			<type>1</type>
			<location>/home/lsriw/HLS_Stanisz/LAB1_FIR/.settings/fir_test.c</location>
		</link>
		<link>
			<name>FIR_solution1/constraints/.xml.directive</name>
			<type>1</type>
			<location>/home/lsriw/HLS_Stanisz/LAB1_FIR/FIR_solution1/FIR_solution1.directive</location>
		</link>
		<link>
			<name>FIR_solution1/constraints/directives.tcl</name>
			<type>1</type>
			<location>/home/lsriw/HLS_Stanisz/LAB1_FIR/FIR_solution1/directives.tcl</location>
		</link>
		<link>
			<name>FIR_solution1/constraints/script.tcl</name>
			<type>1</type>
			<location>/home/lsriw/HLS_Stanisz/LAB1_FIR/FIR_solution1/script.tcl</location>
		</link>
	</linkedResources>
</projectDescription>
