<annotationInfo>
<item  id="25" filename="LAB1_FIR/.settings/fir.c" linenumber="18" name="tmp_4" contextFuncName="fir" moduleName="fir" rtlName="fir_sitodp_32ns_64_6_1_U3" latency="5" BRAM="-1" DSP="-1" FF="-1" LUT="-1" fileDirectory="/home/lsriw/HLS_STANISZ/HLS"><\/item>
<item  id="26" filename="LAB1_FIR/.settings/fir.c" linenumber="18" name="tmp_5" contextFuncName="fir" moduleName="fir" rtlName="fir_dmul_64ns_64ns_64_6_max_dsp_1_U2" latency="5" BRAM="-1" DSP="-1" FF="-1" LUT="-1" fileDirectory="/home/lsriw/HLS_STANISZ/HLS"><\/item>
<item  id="27" filename="LAB1_FIR/.settings/fir.c" linenumber="18" name="acc_1" contextFuncName="fir" moduleName="fir" rtlName="fir_dadd_64ns_64ns_64_5_full_dsp_1_U1" latency="4" BRAM="-1" DSP="-1" FF="-1" LUT="-1" fileDirectory="/home/lsriw/HLS_STANISZ/HLS"><\/item>
<item  id="32" filename="LAB1_FIR/.settings/fir.c" linenumber="18" name="tmp_4_1" contextFuncName="fir" moduleName="fir" rtlName="fir_sitodp_32ns_64_6_1_U3" latency="5" BRAM="-1" DSP="-1" FF="-1" LUT="-1" fileDirectory="/home/lsriw/HLS_STANISZ/HLS"><\/item>
<item  id="33" filename="LAB1_FIR/.settings/fir.c" linenumber="18" name="tmp_5_1" contextFuncName="fir" moduleName="fir" rtlName="fir_dmul_64ns_64ns_64_6_max_dsp_1_U2" latency="5" BRAM="-1" DSP="-1" FF="-1" LUT="-1" fileDirectory="/home/lsriw/HLS_STANISZ/HLS"><\/item>
<item  id="34" filename="LAB1_FIR/.settings/fir.c" linenumber="18" name="acc_1_1" contextFuncName="fir" moduleName="fir" rtlName="fir_dadd_64ns_64ns_64_5_full_dsp_1_U1" latency="4" BRAM="-1" DSP="-1" FF="-1" LUT="-1" fileDirectory="/home/lsriw/HLS_STANISZ/HLS"><\/item>
<item  id="39" filename="LAB1_FIR/.settings/fir.c" linenumber="18" name="tmp_4_2" contextFuncName="fir" moduleName="fir" rtlName="fir_sitodp_32ns_64_6_1_U3" latency="5" BRAM="-1" DSP="-1" FF="-1" LUT="-1" fileDirectory="/home/lsriw/HLS_STANISZ/HLS"><\/item>
<item  id="40" filename="LAB1_FIR/.settings/fir.c" linenumber="18" name="tmp_5_2" contextFuncName="fir" moduleName="fir" rtlName="fir_dmul_64ns_64ns_64_6_max_dsp_1_U2" latency="5" BRAM="-1" DSP="-1" FF="-1" LUT="-1" fileDirectory="/home/lsriw/HLS_STANISZ/HLS"><\/item>
<item  id="41" filename="LAB1_FIR/.settings/fir.c" linenumber="18" name="acc_1_2" contextFuncName="fir" moduleName="fir" rtlName="fir_dadd_64ns_64ns_64_5_full_dsp_1_U1" latency="4" BRAM="-1" DSP="-1" FF="-1" LUT="-1" fileDirectory="/home/lsriw/HLS_STANISZ/HLS"><\/item>
<item  id="46" filename="LAB1_FIR/.settings/fir.c" linenumber="18" name="tmp_4_3" contextFuncName="fir" moduleName="fir" rtlName="fir_sitodp_32ns_64_6_1_U3" latency="5" BRAM="-1" DSP="-1" FF="-1" LUT="-1" fileDirectory="/home/lsriw/HLS_STANISZ/HLS"><\/item>
<item  id="47" filename="LAB1_FIR/.settings/fir.c" linenumber="18" name="tmp_5_3" contextFuncName="fir" moduleName="fir" rtlName="fir_dmul_64ns_64ns_64_6_max_dsp_1_U2" latency="5" BRAM="-1" DSP="-1" FF="-1" LUT="-1" fileDirectory="/home/lsriw/HLS_STANISZ/HLS"><\/item>
<item  id="48" filename="LAB1_FIR/.settings/fir.c" linenumber="18" name="acc_1_3" contextFuncName="fir" moduleName="fir" rtlName="fir_dadd_64ns_64ns_64_5_full_dsp_1_U1" latency="4" BRAM="-1" DSP="-1" FF="-1" LUT="-1" fileDirectory="/home/lsriw/HLS_STANISZ/HLS"><\/item>
<item  id="53" filename="LAB1_FIR/.settings/fir.c" linenumber="18" name="tmp_4_4" contextFuncName="fir" moduleName="fir" rtlName="fir_sitodp_32ns_64_6_1_U3" latency="5" BRAM="-1" DSP="-1" FF="-1" LUT="-1" fileDirectory="/home/lsriw/HLS_STANISZ/HLS"><\/item>
<item  id="54" filename="LAB1_FIR/.settings/fir.c" linenumber="18" name="tmp_5_4" contextFuncName="fir" moduleName="fir" rtlName="fir_dmul_64ns_64ns_64_6_max_dsp_1_U2" latency="5" BRAM="-1" DSP="-1" FF="-1" LUT="-1" fileDirectory="/home/lsriw/HLS_STANISZ/HLS"><\/item>
<item  id="55" filename="LAB1_FIR/.settings/fir.c" linenumber="18" name="acc_1_4" contextFuncName="fir" moduleName="fir" rtlName="fir_dadd_64ns_64ns_64_5_full_dsp_1_U1" latency="4" BRAM="-1" DSP="-1" FF="-1" LUT="-1" fileDirectory="/home/lsriw/HLS_STANISZ/HLS"><\/item>
<item  id="60" filename="LAB1_FIR/.settings/fir.c" linenumber="18" name="tmp_4_5" contextFuncName="fir" moduleName="fir" rtlName="fir_sitodp_32ns_64_6_1_U3" latency="5" BRAM="-1" DSP="-1" FF="-1" LUT="-1" fileDirectory="/home/lsriw/HLS_STANISZ/HLS"><\/item>
<item  id="61" filename="LAB1_FIR/.settings/fir.c" linenumber="18" name="tmp_5_5" contextFuncName="fir" moduleName="fir" rtlName="fir_dmul_64ns_64ns_64_6_max_dsp_1_U2" latency="5" BRAM="-1" DSP="-1" FF="-1" LUT="-1" fileDirectory="/home/lsriw/HLS_STANISZ/HLS"><\/item>
<item  id="62" filename="LAB1_FIR/.settings/fir.c" linenumber="18" name="acc_1_5" contextFuncName="fir" moduleName="fir" rtlName="fir_dadd_64ns_64ns_64_5_full_dsp_1_U1" latency="4" BRAM="-1" DSP="-1" FF="-1" LUT="-1" fileDirectory="/home/lsriw/HLS_STANISZ/HLS"><\/item>
<item  id="67" filename="LAB1_FIR/.settings/fir.c" linenumber="18" name="tmp_4_6" contextFuncName="fir" moduleName="fir" rtlName="fir_sitodp_32ns_64_6_1_U3" latency="5" BRAM="-1" DSP="-1" FF="-1" LUT="-1" fileDirectory="/home/lsriw/HLS_STANISZ/HLS"><\/item>
<item  id="68" filename="LAB1_FIR/.settings/fir.c" linenumber="18" name="tmp_5_6" contextFuncName="fir" moduleName="fir" rtlName="fir_dmul_64ns_64ns_64_6_max_dsp_1_U2" latency="5" BRAM="-1" DSP="-1" FF="-1" LUT="-1" fileDirectory="/home/lsriw/HLS_STANISZ/HLS"><\/item>
<item  id="69" filename="LAB1_FIR/.settings/fir.c" linenumber="18" name="acc_1_6" contextFuncName="fir" moduleName="fir" rtlName="fir_dadd_64ns_64ns_64_5_full_dsp_1_U1" latency="4" BRAM="-1" DSP="-1" FF="-1" LUT="-1" fileDirectory="/home/lsriw/HLS_STANISZ/HLS"><\/item>
<item  id="74" filename="LAB1_FIR/.settings/fir.c" linenumber="18" name="tmp_4_7" contextFuncName="fir" moduleName="fir" rtlName="fir_sitodp_32ns_64_6_1_U3" latency="5" BRAM="-1" DSP="-1" FF="-1" LUT="-1" fileDirectory="/home/lsriw/HLS_STANISZ/HLS"><\/item>
<item  id="75" filename="LAB1_FIR/.settings/fir.c" linenumber="18" name="tmp_5_7" contextFuncName="fir" moduleName="fir" rtlName="fir_dmul_64ns_64ns_64_6_max_dsp_1_U2" latency="5" BRAM="-1" DSP="-1" FF="-1" LUT="-1" fileDirectory="/home/lsriw/HLS_STANISZ/HLS"><\/item>
<item  id="76" filename="LAB1_FIR/.settings/fir.c" linenumber="18" name="acc_1_7" contextFuncName="fir" moduleName="fir" rtlName="fir_dadd_64ns_64ns_64_5_full_dsp_1_U1" latency="4" BRAM="-1" DSP="-1" FF="-1" LUT="-1" fileDirectory="/home/lsriw/HLS_STANISZ/HLS"><\/item>
<item  id="81" filename="LAB1_FIR/.settings/fir.c" linenumber="18" name="tmp_4_8" contextFuncName="fir" moduleName="fir" rtlName="fir_sitodp_32ns_64_6_1_U3" latency="5" BRAM="-1" DSP="-1" FF="-1" LUT="-1" fileDirectory="/home/lsriw/HLS_STANISZ/HLS"><\/item>
<item  id="82" filename="LAB1_FIR/.settings/fir.c" linenumber="18" name="tmp_5_8" contextFuncName="fir" moduleName="fir" rtlName="fir_dmul_64ns_64ns_64_6_max_dsp_1_U2" latency="5" BRAM="-1" DSP="-1" FF="-1" LUT="-1" fileDirectory="/home/lsriw/HLS_STANISZ/HLS"><\/item>
<item  id="83" filename="LAB1_FIR/.settings/fir.c" linenumber="18" name="acc_1_8" contextFuncName="fir" moduleName="fir" rtlName="fir_dadd_64ns_64ns_64_5_full_dsp_1_U1" latency="4" BRAM="-1" DSP="-1" FF="-1" LUT="-1" fileDirectory="/home/lsriw/HLS_STANISZ/HLS"><\/item>
<item  id="86" filename="LAB1_FIR/.settings/fir.c" linenumber="21" name="tmp_7" contextFuncName="fir" moduleName="fir" rtlName="fir_sitodp_32ns_64_6_1_U3" latency="5" BRAM="-1" DSP="-1" FF="-1" LUT="-1" fileDirectory="/home/lsriw/HLS_STANISZ/HLS"><\/item>
<item  id="87" filename="LAB1_FIR/.settings/fir.c" linenumber="21" name="tmp_8" contextFuncName="fir" moduleName="fir" rtlName="fir_dmul_64ns_64ns_64_6_max_dsp_1_U2" latency="5" BRAM="-1" DSP="-1" FF="-1" LUT="-1" fileDirectory="/home/lsriw/HLS_STANISZ/HLS"><\/item>
<item  id="88" filename="LAB1_FIR/.settings/fir.c" linenumber="21" name="acc" contextFuncName="fir" moduleName="fir" rtlName="fir_dadd_64ns_64ns_64_5_full_dsp_1_U1" latency="4" BRAM="-1" DSP="-1" FF="-1" LUT="-1" fileDirectory="/home/lsriw/HLS_STANISZ/HLS"><\/item>
</annotationInfo>
