{
  "Top": "fir",
  "RtlTop": "fir",
  "RtlPrefix": "",
  "SourceLanguage": "c",
  "ResetStyle": "control",
  "GenerateBdFiles": "0",
  "HostMachineBits": "64",
  "Target": {
    "Family": "zynq",
    "Device": "xc7z010",
    "Package": "clg400",
    "Speed": "-1"
  },
  "HlsSolution": {
    
  },
  "ClockInfo": {
    "ClockName": "ap_clk",
    "ClockPeriod": "10",
    "IsCombLogic": "0",
    "II": "x",
    "Latency": "190",
    "Uncertainty": "1.25"
  },
  "Xdc": {"OocClocks": ["create_clock -name ap_clk -period 10.000 [get_ports ap_clk]"]},
  "Ipx": {
    "Vendor": "xilinx.com",
    "Library": "hls",
    "Name": "fir",
    "Version": "1.0",
    "DisplayName": "Fir",
    "Revision": "",
    "Description": "An IP generated by Vivado HLS",
    "Taxonomy": "\/VIVADO_HLS_IP",
    "AutoFamilySupport": ""
  },
  "Files": {
    "CSource": ["..\/.settings\/fir.c"],
    "Vhdl": [
      "impl\/vhdl\/fir_dadd_64ns_64ns_64_5_full_dsp_1.vhd",
      "impl\/vhdl\/fir_data_in.vhd",
      "impl\/vhdl\/fir_dmul_64ns_64ns_64_6_max_dsp_1.vhd",
      "impl\/vhdl\/fir_sitodp_32ns_64_6_1.vhd",
      "impl\/vhdl\/fir.vhd"
    ],
    "Verilog": [
      "impl\/verilog\/fir_dadd_64ns_64ns_64_5_full_dsp_1.v",
      "impl\/verilog\/fir_data_in.v",
      "impl\/verilog\/fir_data_in_ram.dat",
      "impl\/verilog\/fir_dmul_64ns_64ns_64_6_max_dsp_1.v",
      "impl\/verilog\/fir_sitodp_32ns_64_6_1.v",
      "impl\/verilog\/fir.v"
    ],
    "Misc": ["impl\/misc\/logo.png"],
    "Subcore": [
      "impl\/misc\/fir_ap_dadd_3_full_dsp_64_ip.tcl",
      "impl\/misc\/fir_ap_dmul_4_max_dsp_64_ip.tcl",
      "impl\/misc\/fir_ap_sitodp_4_no_dsp_32_ip.tcl"
    ],
    "DesignXml": "\/home\/lsriw\/HLS_STANISZ\/HLS\/LAB1_FIR\/FIR_solution1\/.autopilot\/db\/fir.design.xml"
  },
  "SubcoreInfo": {
    "HasXpmMemory": false,
    "HasClockedDsp": false,
    "IP": [
      {
        "name": "fir_ap_dadd_3_full_dsp_64",
        "vlnv": "xilinx.com:ip:floating_point:7.1",
        "params": "CONFIG.a_precision_type Double CONFIG.a_tuser_width 1 CONFIG.add_sub_value Add CONFIG.b_tuser_width 1 CONFIG.c_a_exponent_width 11 CONFIG.c_a_fraction_width 53 CONFIG.c_compare_operation Programmable CONFIG.c_has_divide_by_zero false CONFIG.c_has_invalid_op false CONFIG.c_has_overflow false CONFIG.c_has_underflow false CONFIG.c_latency 3 CONFIG.c_mult_usage Full_Usage CONFIG.c_optimization Speed_Optimized CONFIG.c_rate 1 CONFIG.c_result_exponent_width 11 CONFIG.c_result_fraction_width 53 CONFIG.component_name fir_ap_dadd_3_full_dsp_64 CONFIG.flow_control NonBlocking CONFIG.has_a_tlast false CONFIG.has_a_tuser false CONFIG.has_aclken true CONFIG.has_aresetn false CONFIG.has_b_tlast false CONFIG.has_b_tuser false CONFIG.has_operation_tlast false CONFIG.has_operation_tuser false CONFIG.has_result_tready false CONFIG.maximum_latency false CONFIG.operation_tuser_width 1 CONFIG.operation_type Add_Subtract CONFIG.result_precision_type Double CONFIG.result_tlast_behv Null"
      },
      {
        "name": "fir_ap_dmul_4_max_dsp_64",
        "vlnv": "xilinx.com:ip:floating_point:7.1",
        "params": "CONFIG.a_precision_type Double CONFIG.a_tuser_width 1 CONFIG.add_sub_value Both CONFIG.b_tuser_width 1 CONFIG.c_a_exponent_width 11 CONFIG.c_a_fraction_width 53 CONFIG.c_compare_operation Programmable CONFIG.c_has_divide_by_zero false CONFIG.c_has_invalid_op false CONFIG.c_has_overflow false CONFIG.c_has_underflow false CONFIG.c_latency 4 CONFIG.c_mult_usage Max_Usage CONFIG.c_optimization Speed_Optimized CONFIG.c_rate 1 CONFIG.c_result_exponent_width 11 CONFIG.c_result_fraction_width 53 CONFIG.component_name fir_ap_dmul_4_max_dsp_64 CONFIG.flow_control NonBlocking CONFIG.has_a_tlast false CONFIG.has_a_tuser false CONFIG.has_aclken true CONFIG.has_aresetn false CONFIG.has_b_tlast false CONFIG.has_b_tuser false CONFIG.has_operation_tlast false CONFIG.has_operation_tuser false CONFIG.has_result_tready false CONFIG.maximum_latency false CONFIG.operation_tuser_width 1 CONFIG.operation_type Multiply CONFIG.result_precision_type Double CONFIG.result_tlast_behv Null"
      },
      {
        "name": "fir_ap_sitodp_4_no_dsp_32",
        "vlnv": "xilinx.com:ip:floating_point:7.1",
        "params": "CONFIG.a_precision_type Custom CONFIG.a_tuser_width 1 CONFIG.add_sub_value Both CONFIG.b_tuser_width 1 CONFIG.c_a_exponent_width 32 CONFIG.c_a_fraction_width 0 CONFIG.c_compare_operation Programmable CONFIG.c_has_divide_by_zero false CONFIG.c_has_invalid_op false CONFIG.c_has_overflow false CONFIG.c_has_underflow false CONFIG.c_latency 4 CONFIG.c_mult_usage No_Usage CONFIG.c_optimization Speed_Optimized CONFIG.c_rate 1 CONFIG.c_result_exponent_width 11 CONFIG.c_result_fraction_width 53 CONFIG.component_name fir_ap_sitodp_4_no_dsp_32 CONFIG.flow_control NonBlocking CONFIG.has_a_tlast false CONFIG.has_a_tuser false CONFIG.has_aclken true CONFIG.has_aresetn false CONFIG.has_b_tlast false CONFIG.has_b_tuser false CONFIG.has_operation_tlast false CONFIG.has_operation_tuser false CONFIG.has_result_tready false CONFIG.maximum_latency false CONFIG.operation_tuser_width 1 CONFIG.operation_type Fixed_to_Float CONFIG.result_precision_type Double CONFIG.result_tlast_behv Null"
      }
    ]
  },
  "Interfaces": {
    "ap_clk": {
      "type": "clock",
      "ctype": {"CLK": {"Type": "bool"}},
      "reset": "ap_rst"
    },
    "ap_ctrl": {
      "type": "ap_ctrl",
      "ctrl_ports": "ap_start ap_done ap_idle ap_ready",
      "ctype": {
        "start": {"Type": "bool"},
        "done": {"Type": "bool"},
        "idle": {"Type": "bool"},
        "ready": {"Type": "bool"}
      }
    },
    "ap_rst": {
      "type": "reset",
      "polarity": "ACTIVE_HIGH",
      "ctype": {"RST": {"Type": "bool"}}
    },
    "coeff_address0": {
      "type": "data",
      "dir": "out",
      "width": "4",
      "ctype": {"DATA": {
          "Type": "null",
          "Width": "4"
        }}
    },
    "coeff_q0": {
      "type": "data",
      "dir": "in",
      "width": "32",
      "ctype": {"DATA": {
          "Type": "integer signed",
          "Width": "32"
        }}
    },
    "out_r": {
      "type": "data",
      "dir": "out",
      "width": "64",
      "ctype": {"DATA": {
          "Type": "real float",
          "Width": "64"
        }}
    },
    "probe_in": {
      "type": "data",
      "dir": "in",
      "width": "64",
      "ctype": {"DATA": {
          "Type": "real float",
          "Width": "64"
        }}
    }
  },
  "RtlPorts": {
    "ap_clk": {
      "dir": "in",
      "width": "1"
    },
    "ap_rst": {
      "dir": "in",
      "width": "1"
    },
    "ap_start": {
      "dir": "in",
      "width": "1"
    },
    "ap_done": {
      "dir": "out",
      "width": "1"
    },
    "ap_idle": {
      "dir": "out",
      "width": "1"
    },
    "ap_ready": {
      "dir": "out",
      "width": "1"
    },
    "probe_in": {
      "dir": "in",
      "width": "64"
    },
    "probe_in_ap_vld": {
      "dir": "in",
      "width": "1"
    },
    "out_r": {
      "dir": "out",
      "width": "64"
    },
    "out_r_ap_vld": {
      "dir": "out",
      "width": "1"
    },
    "coeff_address0": {
      "dir": "out",
      "width": "4"
    },
    "coeff_ce0": {
      "dir": "out",
      "width": "1"
    },
    "coeff_q0": {
      "dir": "in",
      "width": "32"
    }
  },
  "CPorts": {
    "ap_ctrl": {
      "interfaceRef": "ap_ctrl",
      "dir": "out"
    },
    "probe_in": {
      "interfaceRef": "probe_in",
      "dir": "in",
      "dataWidth": "64",
      "handshakeRef": "ap_vld"
    },
    "out_r": {
      "interfaceRef": "out_r",
      "dir": "out",
      "dataWidth": "64",
      "handshakeRef": "ap_vld",
      "firstOutLatency": "19"
    },
    "coeff_q0": {
      "interfaceRef": "coeff_q0",
      "dir": "in",
      "dataWidth": "32",
      "busTypeRef": "ap_memory",
      "arraySize": "10",
      "handshakeRef": "ap_none"
    }
  },
  "ModuleInfo": {
    "Hierarchy": {"ModuleName": "fir"},
    "Metrics": {"fir": {
        "Latency": {
          "LatencyBest": "190",
          "LatencyAvg": "190",
          "LatencyWorst": "190",
          "PipelineII": "191",
          "PipelineDepth": "",
          "PipelineType": "none"
        },
        "Timing": {
          "Target": "10.00",
          "Uncertainty": "1.25",
          "Estimate": "8.232"
        },
        "Loops": [{
            "Name": "FILTER_LOOP",
            "TripCount": "9",
            "Latency": "171",
            "PipelineII": "",
            "PipelineDepth": "19"
          }],
        "Area": {
          "BRAM_18K": "0",
          "DSP48E": "14",
          "FF": "1705",
          "LUT": "2714"
        }
      }}
  },
  "Sdx": {
    "Target": "none",
    "ProfileOption": "0",
    "ProfileType": "none",
    "XO": "",
    "KernelName": "fir",
    "EnableXoSwEmu": "1"
  },
  "GenData": {
    "DataVersion": "0.1",
    "Time": "2019-10-16 10:32:00 CEST",
    "ToolName": "vivado_hls",
    "ToolVersion": "2018.3"
  }
}
